-- phpMyAdmin SQL Dump
-- version 4.5.1
-- http://www.phpmyadmin.net
--
-- Host: 127.0.0.1
-- Generation Time: Feb 04, 2018 at 07:09 AM
-- Server version: 10.1.13-MariaDB
-- PHP Version: 5.6.20

SET SQL_MODE = "NO_AUTO_VALUE_ON_ZERO";
SET time_zone = "+00:00";


/*!40101 SET @OLD_CHARACTER_SET_CLIENT=@@CHARACTER_SET_CLIENT */;
/*!40101 SET @OLD_CHARACTER_SET_RESULTS=@@CHARACTER_SET_RESULTS */;
/*!40101 SET @OLD_COLLATION_CONNECTION=@@COLLATION_CONNECTION */;
/*!40101 SET NAMES utf8mb4 */;

--
-- Database: `project_virto_new`
--

-- --------------------------------------------------------

--
-- Table structure for table `aplikasi`
--

CREATE TABLE `aplikasi` (
  `id_aplikasi` int(100) NOT NULL,
  `gambar` varchar(100) NOT NULL,
  `judul` text NOT NULL,
  `deskripsi` text NOT NULL,
  `playstore` varchar(100) NOT NULL,
  `appstore` varchar(100) NOT NULL
) ENGINE=InnoDB DEFAULT CHARSET=latin1;

--
-- Dumping data for table `aplikasi`
--

INSERT INTO `aplikasi` (`id_aplikasi`, `gambar`, `judul`, `deskripsi`, `playstore`, `appstore`) VALUES
(0, 'hp-mob-big_B.png', 'Mulai sekarang juga. Unduh Aplikasi Virto Office Segera!', 'Jika perlu ruang kerja hari ini,Dapatkan informasi terupdate tentang bisnis. Serta pemesanan ruang meeting lebih mudah', 'https://play.google.com/store/apps/details?id=com.zemoxa.apps.appZemoxa', 'https://itunes.apple.com/us/app/zemoxa/id1327263949?ls=1&mt=8');

-- --------------------------------------------------------

--
-- Table structure for table `benefit`
--

CREATE TABLE `benefit` (
  `id_benefit` int(100) NOT NULL,
  `judul` varchar(500) NOT NULL,
  `deskripsi` text NOT NULL,
  `gambar` varchar(500) NOT NULL
) ENGINE=InnoDB DEFAULT CHARSET=latin1;

--
-- Dumping data for table `benefit`
--

INSERT INTO `benefit` (`id_benefit`, `judul`, `deskripsi`, `gambar`) VALUES
(1, 'Bebas Biaya Listrik', 'Sudah termasuk biaya listrik, air & internet', '1.png'),
(2, 'Wifi Access di Area Virto', 'Koneksi Internet Cepat Hingga 50Mbps', '2.png'),
(3, 'Termasuk Furniture', 'Sudah tersedia furniture standar di setiap ruangan', '3.png'),
(4, 'Layanan Resepsionis', 'Tim resepsionis yang siap mendukung kerja anda', '4.png'),
(5, 'Nomer Telpon & Fax Bersama', ' Penggunaan nomor telepon & fax bersama (menerima saja)', '5.png'),
(6, 'Area Lobby Bersama', 'Pemakaian area lobby bersama', '6.png'),
(7, 'Cleaning Service', 'Layanan cleaning services bersama', '7.png'),
(8, 'Sewa Minimal 3 Bulan', 'Untuk Ruang Kantor tidak perlu sewa harus setahun penuh, bisa sewa minimal 3 bulan', '8.png'),
(9, 'Gratis Parkir', 'Tidak usah khawatir mengeluarkan biaya tambahan untuk parkir. Virto Gratis', '9.png'),
(10, 'Termasuk AC', 'Sudah tersedia AC di setiap ruangan', '10.png');

-- --------------------------------------------------------

--
-- Table structure for table `ci_sessions`
--

CREATE TABLE `ci_sessions` (
  `id` varchar(40) NOT NULL,
  `ip_address` varchar(45) NOT NULL,
  `timestamp` int(10) UNSIGNED NOT NULL DEFAULT '0',
  `data` blob NOT NULL
) ENGINE=InnoDB DEFAULT CHARSET=latin1;

--
-- Dumping data for table `ci_sessions`
--

INSERT INTO `ci_sessions` (`id`, `ip_address`, `timestamp`, `data`) VALUES
('bck8lj5bpkikvsj6mr993qqa7ast67dm', '158.140.171.27', 1509592780, 0x5f5f63695f6c6173745f726567656e65726174657c693a313530393539323738303b),
('5kenebe3gp93k72llfbscdoiqk7uoqr8', '158.140.171.27', 1509593008, 0x5f5f63695f6c6173745f726567656e65726174657c693a313530393539323738303b555345524e414d457c733a363a2261646d696e6e223b504153537c733a33323a223963316164303061313661376336376532373237623437316163393639653936223b6c6f67696e5f7374617475737c623a313b),
('4cvru0d1pv6kdqqiiopv1v7roqn3dmqp', '158.140.167.13', 1509593262, 0x5f5f63695f6c6173745f726567656e65726174657c693a313530393539333130343b555345524e414d457c733a363a2261646d696e6e223b504153537c733a33323a223963316164303061313661376336376532373237623437316163393639653936223b6c6f67696e5f7374617475737c623a313b),
('b24blc4nf4f9p59js9fch11fqs3q9qdd', '158.140.167.13', 1509593311, 0x5f5f63695f6c6173745f726567656e65726174657c693a313530393539333331313b),
('352oitp9du3qmitnkj6p8bpri08p79um', '158.140.171.1', 1509593909, 0x5f5f63695f6c6173745f726567656e65726174657c693a313530393539333737323b555345524e414d457c733a363a2261646d696e6e223b504153537c733a33323a223963316164303061313661376336376532373237623437316163393639653936223b6c6f67696e5f7374617475737c623a313b),
('paes40aa34sq5s9otqljm44q0ak8h7an', '158.140.167.13', 1509594376, 0x5f5f63695f6c6173745f726567656e65726174657c693a313530393539343235393b555345524e414d457c733a363a2261646d696e6e223b504153537c733a33323a223963316164303061313661376336376532373237623437316163393639653936223b6c6f67696e5f7374617475737c623a313b),
('t9jqug4mdpja4hm84nuhintanhmjmvfu', '158.140.171.53', 1509594651, 0x5f5f63695f6c6173745f726567656e65726174657c693a313530393539343539333b555345524e414d457c733a363a2261646d696e6e223b504153537c733a33323a223963316164303061313661376336376532373237623437316163393639653936223b6c6f67696e5f7374617475737c623a313b),
('tfgf40881ja8urf2kudea8t5ouuv1qou', '158.140.171.1', 1509595148, 0x5f5f63695f6c6173745f726567656e65726174657c693a313530393539343939343b555345524e414d457c733a363a2261646d696e6e223b504153537c733a33323a223963316164303061313661376336376532373237623437316163393639653936223b6c6f67696e5f7374617475737c623a313b),
('k42igd8m0bpokuaide3dehu0kr3k3e3t', '158.140.167.57', 1509595542, 0x5f5f63695f6c6173745f726567656e65726174657c693a313530393539353533313b555345524e414d457c733a363a2261646d696e6e223b504153537c733a33323a223963316164303061313661376336376532373237623437316163393639653936223b6c6f67696e5f7374617475737c623a313b),
('7bf7tp6tm5tgv9tttpedl42va814ouds', '158.140.167.13', 1509604167, 0x5f5f63695f6c6173745f726567656e65726174657c693a313530393630343034363b555345524e414d457c733a363a2261646d696e6e223b504153537c733a33323a223963316164303061313661376336376532373237623437316163393639653936223b6c6f67696e5f7374617475737c623a313b),
('ni7g6l643e9h35mdk08rjnicghakstal', '158.140.167.57', 1509606394, 0x5f5f63695f6c6173745f726567656e65726174657c693a313530393630363339343b555345524e414d457c733a363a2261646d696e6e223b504153537c733a33323a223963316164303061313661376336376532373237623437316163393639653936223b6c6f67696e5f7374617475737c623a313b),
('eddo3b8p8clk562d3jkcn1l6pvgsldg6', '158.140.167.23', 1509607654, 0x5f5f63695f6c6173745f726567656e65726174657c693a313530393630373430343b),
('9djvppdfjt30vctd321ffbf3din5h7j5', '158.140.167.57', 1509607543, 0x5f5f63695f6c6173745f726567656e65726174657c693a313530393630373431373b),
('trcorr2tkif3ekm70eb9bcg3ji2vdaps', '158.140.167.57', 1509607523, 0x5f5f63695f6c6173745f726567656e65726174657c693a313530393630373532323b555345524e414d457c733a363a2261646d696e6e223b504153537c733a33323a223963316164303061313661376336376532373237623437316163393639653936223b6c6f67696e5f7374617475737c623a313b),
('0d7f6ub7nmfgpi5adtdoiqidndnd16p7', '158.140.171.1', 1509607717, 0x5f5f63695f6c6173745f726567656e65726174657c693a313530393630373730383b),
('q38p8cm9mk5o6v1dtedhgr91fr6f979b', '158.140.167.57', 1509608365, 0x5f5f63695f6c6173745f726567656e65726174657c693a313530393630383336353b555345524e414d457c733a363a2261646d696e6e223b504153537c733a33323a223963316164303061313661376336376532373237623437316163393639653936223b6c6f67696e5f7374617475737c623a313b),
('kvsj3b97ro8divolff3u4qenv2ja8um7', '158.140.171.1', 1509612365, 0x5f5f63695f6c6173745f726567656e65726174657c693a313530393631323332323b555345524e414d457c733a363a2261646d696e6e223b504153537c733a33323a223963316164303061313661376336376532373237623437316163393639653936223b6c6f67696e5f7374617475737c623a313b),
('ueodf633qpqnoqbhtjogdgeaj7dmlnf9', '84.13.4.159', 1509613468, 0x5f5f63695f6c6173745f726567656e65726174657c693a313530393631333436383b),
('i9cujpig1nbg1t17lp7q6op5v6ippg3q', '158.140.171.1', 1509614317, 0x5f5f63695f6c6173745f726567656e65726174657c693a313530393631343331373b555345524e414d457c733a363a2261646d696e6e223b504153537c733a33323a223963316164303061313661376336376532373237623437316163393639653936223b6c6f67696e5f7374617475737c623a313b),
('25upaun9qe9ee1997s6gg68jkqio13lh', '158.140.171.1', 1509616035, 0x5f5f63695f6c6173745f726567656e65726174657c693a313530393631363033323b555345524e414d457c733a363a2261646d696e6e223b504153537c733a33323a223963316164303061313661376336376532373237623437316163393639653936223b6c6f67696e5f7374617475737c623a313b),
('3dia1m2tl7lqrhcg9p7vrgatueruplmg', '158.140.167.13', 1509616278, 0x5f5f63695f6c6173745f726567656e65726174657c693a313530393631363237383b),
('159gd70s22405oclk4tn7uvsgkk6lj4p', '158.140.167.57', 1509616440, 0x5f5f63695f6c6173745f726567656e65726174657c693a313530393631363336373b555345524e414d457c733a363a2261646d696e6e223b504153537c733a33323a223963316164303061313661376336376532373237623437316163393639653936223b6c6f67696e5f7374617475737c623a313b),
('67b66c1sml4iq803mrq7v98975noserq', '173.252.124.81', 1509627371, 0x5f5f63695f6c6173745f726567656e65726174657c693a313530393632373337313b),
('k8fprg6h96a71niq6cgiq16gus6uo1dt', '51.15.56.11', 1509672190, 0x5f5f63695f6c6173745f726567656e65726174657c693a313530393637323139303b),
('m5ksh1pendtc08p3p85k54abgnale6pn', '158.140.167.23', 1509689748, 0x5f5f63695f6c6173745f726567656e65726174657c693a313530393638393734383b),
('j1t8dnakbvbsn52kotkee4q0s4pq44so', '158.140.167.23', 1509689748, 0x5f5f63695f6c6173745f726567656e65726174657c693a313530393638393734383b),
('ho8u0o3clmrlssgie0fo8h1edsn2qak1', '216.169.110.216', 1509689941, 0x5f5f63695f6c6173745f726567656e65726174657c693a313530393638393934313b),
('c6na1ct083dm6c262u7u164u6e6buo03', '158.140.171.53', 1509693286, 0x5f5f63695f6c6173745f726567656e65726174657c693a313530393639333231333b),
('aic7qts3b15fq0429jfrdnsf8md1vn8v', '173.252.90.165', 1509693243, 0x5f5f63695f6c6173745f726567656e65726174657c693a313530393639333234333b),
('2civuv0dpg34thn4mpj6euvgtuplesb4', '173.252.84.118', 1509693275, 0x5f5f63695f6c6173745f726567656e65726174657c693a313530393639333237353b),
('nrmbnc90p08p8ms7u8020mujd2kdltge', '66.220.155.251', 1509693275, 0x5f5f63695f6c6173745f726567656e65726174657c693a313530393639333237353b),
('bdrqgkq4ds5girvrptpiqe6sb5h7j4hp', '173.252.84.86', 1509693275, 0x5f5f63695f6c6173745f726567656e65726174657c693a313530393639333237353b),
('t3qu4s334ebrbk7v5d6f75hq2mdo7kh9', '173.252.91.166', 1509693286, 0x5f5f63695f6c6173745f726567656e65726174657c693a313530393639333238363b),
('c6qctkeki684nu17v30ppgmum73p3rmu', '158.140.171.1', 1509694316, 0x5f5f63695f6c6173745f726567656e65726174657c693a313530393639343136343b),
('ojpmbpgcvp2n9kd1bm4pdq8kp94sla02', '47.9.162.34', 1509695296, 0x5f5f63695f6c6173745f726567656e65726174657c693a313530393639353034363b),
('ccfhcj5pa5r0gac04ige3ova5986dgj9', '158.140.167.13', 1509696290, 0x5f5f63695f6c6173745f726567656e65726174657c693a313530393639363239303b),
('q0ecgf685egjinhdqivhngfs2i23gv7u', '84.13.4.159', 1509696387, 0x5f5f63695f6c6173745f726567656e65726174657c693a313530393639363338373b),
('7ipbfkmkss1gqt10pkg8n1i2hapeftm6', '158.140.167.57', 1509700024, 0x5f5f63695f6c6173745f726567656e65726174657c693a313530393639393935373b),
('m53g8fns5v2lpah92bqtifa7o5ls3054', '84.13.4.159', 1509701938, 0x5f5f63695f6c6173745f726567656e65726174657c693a313530393730313933373b),
('dvjvfqt4d4ok143hn2e0a16ve056s80m', '158.140.167.13', 1509702018, 0x5f5f63695f6c6173745f726567656e65726174657c693a313530393730323031383b),
('97n5disvbsi1iv3n5gohedtr1jg8im4c', '46.183.218.199', 1509713920, 0x5f5f63695f6c6173745f726567656e65726174657c693a313530393731333932303b),
('4s5rdprg4stqrom5gstlu9hbkd6mtis4', '157.55.39.176', 1509718500, 0x5f5f63695f6c6173745f726567656e65726174657c693a313530393731383530303b),
('f0a72832ihsq8fhfcggtorf1d7o8a797', '216.169.110.197', 1509809417, 0x5f5f63695f6c6173745f726567656e65726174657c693a313530393830393431373b),
('vn7j8jiahjviipl33rglcp04c7rev0nd', '67.215.230.87', 1509834848, 0x5f5f63695f6c6173745f726567656e65726174657c693a313530393833343834383b),
('19u19h1d1hk4kobrift0p78cjhvl186o', '74.115.214.157', 1509847979, 0x5f5f63695f6c6173745f726567656e65726174657c693a313530393834373937393b),
('5i6votkalqile8vfg8a34hm01fh2dvh8', '121.133.205.157', 1509860411, 0x5f5f63695f6c6173745f726567656e65726174657c693a313530393836303431313b),
('8eqnhqp2pa1doaush0b1qnk0frajobqr', '67.215.230.84', 1509887020, 0x5f5f63695f6c6173745f726567656e65726174657c693a313530393838373032303b),
('imt4ekmukgfidmb0qusfgohpo9fpgej1', '158.140.167.13', 1509936095, 0x5f5f63695f6c6173745f726567656e65726174657c693a313530393933353831363b555345524e414d457c733a363a2261646d696e6e223b504153537c733a33323a223963316164303061313661376336376532373237623437316163393639653936223b6c6f67696e5f7374617475737c623a313b),
('r5ubglsefh6h9etcsl812vthsp13qkkh', '158.140.167.13', 1509939800, 0x5f5f63695f6c6173745f726567656e65726174657c693a313530393933393739343b555345524e414d457c733a363a2261646d696e6e223b504153537c733a33323a223963316164303061313661376336376532373237623437316163393639653936223b6c6f67696e5f7374617475737c623a313b),
('4gtpljk6t4tbhbv33qm0rcob0idkpst2', '158.140.171.53', 1509941163, 0x5f5f63695f6c6173745f726567656e65726174657c693a313530393934313136333b),
('4aoq3se3185uuu0509kq4v19u220lcon', '158.140.171.53', 1509941163, 0x5f5f63695f6c6173745f726567656e65726174657c693a313530393934313136333b),
('ahhjb17g3pka2mgf1dogcdbq53jlr8qd', '158.140.167.13', 1509954308, 0x5f5f63695f6c6173745f726567656e65726174657c693a313530393935343038343b555345524e414d457c733a363a2261646d696e6e223b504153537c733a33323a223963316164303061313661376336376532373237623437316163393639653936223b6c6f67696e5f7374617475737c623a313b),
('unieverbejqkvof63mnpin30ckub5029', '158.140.171.53', 1509954398, 0x5f5f63695f6c6173745f726567656e65726174657c693a313530393935343339303b555345524e414d457c733a363a2261646d696e6e223b504153537c733a33323a223963316164303061313661376336376532373237623437316163393639653936223b6c6f67696e5f7374617475737c623a313b),
('fu0vogod1crv18blp8evi29rvfpiqiik', '158.140.171.27', 1509957753, 0x5f5f63695f6c6173745f726567656e65726174657c693a313530393935373734393b555345524e414d457c733a363a2261646d696e6e223b504153537c733a33323a223963316164303061313661376336376532373237623437316163393639653936223b6c6f67696e5f7374617475737c623a313b),
('59a9imp6mtis6o0rkkh68aij3c82eh5i', '158.140.167.13', 1509958710, 0x5f5f63695f6c6173745f726567656e65726174657c693a313530393935383634373b555345524e414d457c733a363a2261646d696e6e223b504153537c733a33323a223963316164303061313661376336376532373237623437316163393639653936223b6c6f67696e5f7374617475737c623a313b),
('iqnqi58lg0196ddqeavf4lnu353dtamh', '66.220.151.242', 1509958709, 0x5f5f63695f6c6173745f726567656e65726174657c693a313530393935383730393b),
('s4g3uqgin8tnvesqia3nj8nuiv6pat17', '158.140.171.27', 1509961969, 0x5f5f63695f6c6173745f726567656e65726174657c693a313530393936313932393b),
('bld8i5d63a3vkgieni71uc3j153qt6dl', '84.13.4.159', 1509963786, 0x5f5f63695f6c6173745f726567656e65726174657c693a313530393936333738343b),
('alev97v3bf02gn7tur5i25bdopdd822g', '84.13.4.159', 1510052287, 0x5f5f63695f6c6173745f726567656e65726174657c693a313531303035323238353b),
('t0alg9ngf03mti4tn9dq8n2iqhgn2tff', '103.213.128.167', 1510076876, 0x5f5f63695f6c6173745f726567656e65726174657c693a313531303037363830313b),
('r1omvirvrk0s9ij3kd0928198c8952ag', '158.140.167.13', 1510106188, 0x5f5f63695f6c6173745f726567656e65726174657c693a313531303130363138383b),
('r848t0g8hlb3tbrf2rmarh01ckmd5m7p', '158.140.171.1', 1510115030, 0x5f5f63695f6c6173745f726567656e65726174657c693a313531303131353033303b),
('i95o3n4annhpa8odc9i5diobka5anjnu', '158.140.171.53', 1510123787, 0x5f5f63695f6c6173745f726567656e65726174657c693a313531303132333530363b555345524e414d457c733a363a2261646d696e6e223b504153537c733a33323a223963316164303061313661376336376532373237623437316163393639653936223b6c6f67696e5f7374617475737c623a313b),
('60qav4s6jv15vmh2k4tfj0ut8up7ph1s', '158.140.167.13', 1510123816, 0x5f5f63695f6c6173745f726567656e65726174657c693a313531303132333830393b555345524e414d457c733a363a2261646d696e6e223b504153537c733a33323a223963316164303061313661376336376532373237623437316163393639653936223b6c6f67696e5f7374617475737c623a313b),
('d0n4net6r1afi8tg2khhhv919v267ru3', '84.13.4.159', 1510132804, 0x5f5f63695f6c6173745f726567656e65726174657c693a313531303133323739383b),
('hrsh70l0qlhuu1lndvrldpcc2a4vfgss', '64.246.165.180', 1510144830, 0x5f5f63695f6c6173745f726567656e65726174657c693a313531303134343833303b),
('lgmvh80r0tcqhdqmjncljdm2auipni1d', '158.140.171.1', 1510201766, 0x5f5f63695f6c6173745f726567656e65726174657c693a313531303230313736363b),
('8fo4vc4hrq3b2dsarqcbitvk59htge2i', '158.140.171.53', 1510201766, 0x5f5f63695f6c6173745f726567656e65726174657c693a313531303230313736363b),
('m5i3u72k3b0lcrdd16eab0e712jqb0h4', '52.193.45.43', 1510204760, 0x5f5f63695f6c6173745f726567656e65726174657c693a313531303230343736303b),
('ir3366k9ei6lqn1smoavncejfha7rcfh', '158.140.171.1', 1510213383, 0x5f5f63695f6c6173745f726567656e65726174657c693a313531303231333338333b),
('fatmj8s99u6vnrq9g81gebqft9ds8tos', '158.140.171.1', 1510213384, 0x5f5f63695f6c6173745f726567656e65726174657c693a313531303231333338343b),
('iqhu805ut6e6sbe25arbgd3ml23hqj1v', '84.13.4.159', 1510218938, 0x5f5f63695f6c6173745f726567656e65726174657c693a313531303231383933353b),
('pet7bjs8a8sh6c9al8tmfajiokhtddms', '158.140.171.53', 1510280726, 0x5f5f63695f6c6173745f726567656e65726174657c693a313531303238303732363b),
('8vcgqer05ul2lc9nrttnfcbmk4dgm186', '158.140.171.1', 1510287188, 0x5f5f63695f6c6173745f726567656e65726174657c693a313531303238373138373b),
('33rjmbh5lp6uj1dmbmeu7klcjs4saf73', '202.67.40.235', 1510294320, 0x5f5f63695f6c6173745f726567656e65726174657c693a313531303239343139383b),
('a1preem7i8d28li1a0flq2vlpeuaff7u', '202.67.40.235', 1510294486, 0x5f5f63695f6c6173745f726567656e65726174657c693a313531303239343334383b),
('an9ua6mc28th3ega4vmcut81hdv7g5at', '202.67.40.225', 1510294754, 0x5f5f63695f6c6173745f726567656e65726174657c693a313531303239343735343b),
('5c5pooh3kqsnl0m2c5djooi6dop0dfqr', '204.44.65.210', 1510296563, 0x5f5f63695f6c6173745f726567656e65726174657c693a313531303239363536333b),
('pe6ft5th696mi40g8cjuntiq1vesn9tg', '204.44.65.210', 1510296564, 0x5f5f63695f6c6173745f726567656e65726174657c693a313531303239363536343b),
('s8obfuhn2dbloi2op6a0a651iju3ln21', '202.67.40.13', 1510317008, 0x5f5f63695f6c6173745f726567656e65726174657c693a313531303331373030383b),
('9t24vfkq0r7qmfr4decckhqqvebc8du4', '185.189.101.224', 1510357043, 0x5f5f63695f6c6173745f726567656e65726174657c693a313531303335373034323b6e6f7469667c733a34373a224c4f47494e20474147414c20555345524e414d4520415441552050415353574f524420414e44412053414c41482021223b5f5f63695f766172737c613a313a7b733a353a226e6f746966223b733a333a226f6c64223b7d),
('etd8vpt8npsuubr6gs1b9p4k7c1b6b5r', '217.107.126.69', 1510358070, 0x5f5f63695f6c6173745f726567656e65726174657c693a313531303335383037303b6e6f7469667c733a34373a224c4f47494e20474147414c20555345524e414d4520415441552050415353574f524420414e44412053414c41482021223b5f5f63695f766172737c613a313a7b733a353a226e6f746966223b733a333a226f6c64223b7d),
('i03os1l67jek1tkc14d0l66gqj90lu6l', '116.206.41.16', 1510366975, 0x5f5f63695f6c6173745f726567656e65726174657c693a313531303336363937353b),
('e9ii4d0da9f9io7v0cjrn1ph5mv90r3r', '34.214.64.104', 1510378481, 0x5f5f63695f6c6173745f726567656e65726174657c693a313531303337383438313b),
('8453cqfjtdg1qpvhl7gutvjfkotcl6mj', '34.214.64.104', 1510378494, 0x5f5f63695f6c6173745f726567656e65726174657c693a313531303337383439343b),
('sq17pqvbbjp3u0h4mae6dh6dl0dv8p84', '138.197.111.77', 1510409079, 0x5f5f63695f6c6173745f726567656e65726174657c693a313531303430393037393b),
('5tp4mu1mg28k3dgfudoapflckkm8gajq', '188.226.129.55', 1510418655, 0x5f5f63695f6c6173745f726567656e65726174657c693a313531303431383635353b),
('n6pk096f23b9qc381g34v44bovkj1s38', '114.125.102.110', 1510490637, 0x5f5f63695f6c6173745f726567656e65726174657c693a313531303439303633373b),
('amtfubt4ob9svhdt9bcaa4p4g7ro058n', '114.125.102.110', 1510490638, 0x5f5f63695f6c6173745f726567656e65726174657c693a313531303439303633383b),
('h66bf9cbdlorj5d99c2k577n3vtfqglr', '114.125.102.110', 1510490638, 0x5f5f63695f6c6173745f726567656e65726174657c693a313531303439303633383b),
('n07cp3nko2ru0f5jga2pp8p1ifp8um86', '158.140.171.11', 1510536822, 0x5f5f63695f6c6173745f726567656e65726174657c693a313531303533363832323b),
('tq3ujvpui02je5e9m72gtr3svuj67cl7', '114.125.84.139', 1510538940, 0x5f5f63695f6c6173745f726567656e65726174657c693a313531303533383738383b),
('8o7fd3u4f0r16rirqegpsj7gc887e6qd', '114.125.84.139', 1510538788, 0x5f5f63695f6c6173745f726567656e65726174657c693a313531303533383738383b),
('7lk0lmnhpnsg6gtpkus5rtr5i8b4od3j', '114.125.84.185', 1510541966, 0x5f5f63695f6c6173745f726567656e65726174657c693a313531303534313936363b),
('8gcfq2omvmuvcbsofkf270s79kp1j94f', '114.125.84.185', 1510541966, 0x5f5f63695f6c6173745f726567656e65726174657c693a313531303534313936363b),
('nrr5oqe8l52u4o6vol2f4dv28hh2dvn1', '158.140.171.11', 1510545236, 0x5f5f63695f6c6173745f726567656e65726174657c693a313531303534353233363b),
('s2hqlekmj6vleqdnjehkq4a8dkp6qu10', '158.140.171.11', 1510545398, 0x5f5f63695f6c6173745f726567656e65726174657c693a313531303534353233363b),
('egei1l1fefg769nd0e8r02g3trblbtfs', '158.140.171.11', 1510545994, 0x5f5f63695f6c6173745f726567656e65726174657c693a313531303534353935303b),
('d4ng9ofo2in6lma1jh6arg8vupr69mgr', '158.140.171.11', 1510546441, 0x5f5f63695f6c6173745f726567656e65726174657c693a313531303534363336363b),
('vd5p4rlbc95cv9vrs9pa4ij5eh2ersqj', '158.140.171.11', 1510546995, 0x5f5f63695f6c6173745f726567656e65726174657c693a313531303534363935363b),
('49j31k4fnbn8t45j86g9vjdor63acu84', '84.13.4.171', 1510596435, 0x5f5f63695f6c6173745f726567656e65726174657c693a313531303539363433323b),
('ps0oaere0thtv7h8v4hg3u66nisji8f7', '54.219.178.100', 1510609469, 0x5f5f63695f6c6173745f726567656e65726174657c693a313531303630393436393b),
('6trjait9okbde350vike2h14ubchk1n1', '75.149.221.170', 1510611599, 0x5f5f63695f6c6173745f726567656e65726174657c693a313531303631313539393b),
('pf86d8vkngqrqg3f9t3irmq927n4p0r7', '40.77.167.92', 1510618278, 0x5f5f63695f6c6173745f726567656e65726174657c693a313531303631383237383b),
('ein3as2elf5slta8ihco2grsps5mcbq4', '84.13.4.171', 1510646735, 0x5f5f63695f6c6173745f726567656e65726174657c693a313531303634363733333b),
('8p94ghbek717u20r3j35ioodnb818pdv', '84.13.4.171', 1510734877, 0x5f5f63695f6c6173745f726567656e65726174657c693a313531303733343837363b),
('4d60sef3q73dmq0v6ngnt3ar5kvhj4nv', '104.239.149.11', 1510754100, 0x5f5f63695f6c6173745f726567656e65726174657c693a313531303735343130303b),
('ke04qgpb7r14bpuu0aerohrc6qatn38k', '104.239.149.11', 1510771230, 0x5f5f63695f6c6173745f726567656e65726174657c693a313531303737313233303b),
('pjsb3q2ddb9lsqg51rc9801qo99o15pi', '84.13.4.171', 1510820621, 0x5f5f63695f6c6173745f726567656e65726174657c693a313531303832303632303b),
('9cn3k1a4qd0unsrphrs7ftmmhl73e3nf', '114.125.70.161', 1510828442, 0x5f5f63695f6c6173745f726567656e65726174657c693a313531303832383434323b),
('je7f6vms2mjgg9ulcmh43n0d4kd28smm', '114.125.70.161', 1510828442, 0x5f5f63695f6c6173745f726567656e65726174657c693a313531303832383434323b),
('1d680i0842ml1gp14rm6bk0p75kpgl5d', '117.102.66.55', 1510843629, 0x5f5f63695f6c6173745f726567656e65726174657c693a313531303834333632393b),
('8a93rhquta79m62siq48723q5a1m059f', '114.125.86.72', 1510844280, 0x5f5f63695f6c6173745f726567656e65726174657c693a313531303834343238303b),
('blal6k29q3vlmch30k14sq0g89ilneh6', '114.125.86.72', 1510844280, 0x5f5f63695f6c6173745f726567656e65726174657c693a313531303834343238303b),
('uhj2abmh4k3v5gesbd1p84u4ei553ai6', '158.140.171.41', 1510881607, 0x5f5f63695f6c6173745f726567656e65726174657c693a313531303838313630373b),
('26ja6ov769v4aaq70rk2vb39qhojm59d', '36.84.40.55', 1510894796, 0x5f5f63695f6c6173745f726567656e65726174657c693a313531303839343739363b),
('48io29bi3ikvq384in4f3d7limrgl85q', '139.162.209.249', 1510897397, 0x5f5f63695f6c6173745f726567656e65726174657c693a313531303839373339363b),
('09n2pk4rrrdo2a2714ig42nr3nbaujj0', '85.159.210.67', 1510897439, 0x5f5f63695f6c6173745f726567656e65726174657c693a313531303839373433393b),
('aln7c6t15sqsueukl9q79c8s8fukn6e2', '84.13.4.171', 1510907973, 0x5f5f63695f6c6173745f726567656e65726174657c693a313531303930373936383b),
('u2347n8nitqv80dt4072t4hb75mvfn4f', '54.219.178.100', 1510955235, 0x5f5f63695f6c6173745f726567656e65726174657c693a313531303935353233353b),
('oc6k292pmuok67m8c1mc0u0eaqj5kjl8', '192.99.1.183', 1511039673, 0x5f5f63695f6c6173745f726567656e65726174657c693a313531313033393637333b),
('f1crfl8saclgj8tamtedpj6h33ub5v1n', '54.219.178.100', 1511076495, 0x5f5f63695f6c6173745f726567656e65726174657c693a313531313037363439353b),
('47f519oov8beg5av2r6bhfdog9vqk347', '54.67.67.222', 1511095398, 0x5f5f63695f6c6173745f726567656e65726174657c693a313531313039353339383b),
('2r9b3p11ussukboui56uvprt3tveu063', '78.24.220.1', 1511096415, 0x5f5f63695f6c6173745f726567656e65726174657c693a313531313039363431353b),
('l6g78diddoab6pamethg0833uaoh7dnu', '78.24.220.1', 1511096416, 0x5f5f63695f6c6173745f726567656e65726174657c693a313531313039363431363b),
('eb525vno26ni8kuuh0m5ueu4lnhfu6dk', '78.24.220.1', 1511096419, 0x5f5f63695f6c6173745f726567656e65726174657c693a313531313039363431393b6e6f7469667c733a34373a224c4f47494e20474147414c20555345524e414d4520415441552050415353574f524420414e44412053414c41482021223b5f5f63695f766172737c613a313a7b733a353a226e6f746966223b733a333a226e6577223b7d),
('ksgghevced8u00k82eo3mrqb1epeuf7s', '78.24.220.1', 1511096419, 0x5f5f63695f6c6173745f726567656e65726174657c693a313531313039363431393b),
('o7f9otiobslomm6njnpgmah5p7j23fsu', '54.219.178.100', 1511115850, 0x5f5f63695f6c6173745f726567656e65726174657c693a313531313131353835303b),
('5nmpljpken1kl47ge50739mj5vh4cqk8', '158.140.167.7', 1511147190, 0x5f5f63695f6c6173745f726567656e65726174657c693a313531313134373032353b),
('i931r4ubq397q91n6p9t761gs65k7ggu', '158.140.167.48', 1511148805, 0x5f5f63695f6c6173745f726567656e65726174657c693a313531313134383735363b),
('lt4sodlndt5obk10d5r6dnimvp25se87', '158.140.167.37', 1511159272, 0x5f5f63695f6c6173745f726567656e65726174657c693a313531313135393237323b),
('f0km8fc7d9ifdm1c6v9gqe9d5nst3ue4', '158.140.167.37', 1511160140, 0x5f5f63695f6c6173745f726567656e65726174657c693a313531313136303031343b),
('jbivhdo0cni7or56he7qclsp9pk9i1dc', '84.13.4.171', 1511168008, 0x5f5f63695f6c6173745f726567656e65726174657c693a313531313136373938323b),
('ib6i3h7e6ivskp0vhq08hpol4p9uvnrd', '158.140.167.48', 1511168375, 0x5f5f63695f6c6173745f726567656e65726174657c693a313531313136383337333b),
('723e8ld70sto389ai879pjjihfpag9u9', '158.140.167.37', 1511226943, 0x5f5f63695f6c6173745f726567656e65726174657c693a313531313232363934333b),
('vmoha6heo9qkm3i3es425agteisecogb', '158.140.167.48', 1511226943, 0x5f5f63695f6c6173745f726567656e65726174657c693a313531313232363934333b),
('8lcmt8grb7ql0clrjbkl30kafpcaoeln', '158.140.171.41', 1511229778, 0x5f5f63695f6c6173745f726567656e65726174657c693a313531313232393532333b),
('slh0fn9frac75v9mg90nnqh5o0um9b2f', '158.140.171.41', 1511229869, 0x5f5f63695f6c6173745f726567656e65726174657c693a313531313232393836393b),
('30rql5ga7s659n5gjm6ilvl2f8qna2e3', '158.140.167.37', 1511233642, 0x5f5f63695f6c6173745f726567656e65726174657c693a313531313233333630373b),
('n82br3et0lik1v4dahk5qte4f8s83iv2', '52.205.128.116', 1511248266, 0x5f5f63695f6c6173745f726567656e65726174657c693a313531313234383236363b),
('t2rf7savfg11hot1o2ama0bkepvg6mli', '158.140.171.41', 1511250280, 0x5f5f63695f6c6173745f726567656e65726174657c693a313531313235303134333b),
('jpif0virafijtk4tskp5h2l3pokqj9i1', '158.140.167.48', 1511250249, 0x5f5f63695f6c6173745f726567656e65726174657c693a313531313235303234393b),
('eui6rbd7361nubpaovfh29dhqkfuuamj', '84.13.4.171', 1511253624, 0x5f5f63695f6c6173745f726567656e65726174657c693a313531313235333632323b),
('n7gaogh1d8bns069k8s5uhd1f6k7m6r1', '167.114.243.147', 1511275698, 0x5f5f63695f6c6173745f726567656e65726174657c693a313531313237353639383b),
('ln2v5kmdq5je14tbu9nbpdgu8dqbcsnf', '54.219.178.100', 1511325518, 0x5f5f63695f6c6173745f726567656e65726174657c693a313531313332353531383b),
('dk3l5smj50pcllm2kjkrianal1r945u5', '84.13.4.171', 1511340520, 0x5f5f63695f6c6173745f726567656e65726174657c693a313531313334303531363b),
('knibk5c6gpfgru0715vpb9hr6hgn4gbo', '54.67.67.222', 1511342511, 0x5f5f63695f6c6173745f726567656e65726174657c693a313531313334323531313b),
('cs73buiofeij9ip53nh42s9b1dqeqv0h', '54.219.178.100', 1511367986, 0x5f5f63695f6c6173745f726567656e65726174657c693a313531313336373938363b),
('su9vj54uh7i835sgit0l79ij26gb8ksc', '158.140.167.48', 1511421397, 0x5f5f63695f6c6173745f726567656e65726174657c693a313531313432313339373b),
('db9qgpcrte4ecads4bh0rab7n69fqais', '151.236.216.239', 1511421525, 0x5f5f63695f6c6173745f726567656e65726174657c693a313531313432313532353b),
('ig4tcakllc96kja8o4firersd9o4ok85', '178.79.140.107', 1511421557, 0x5f5f63695f6c6173745f726567656e65726174657c693a313531313432313535373b),
('v4g2bi5kjullka5srbqqpas044t128uf', '158.140.167.7', 1511421774, 0x5f5f63695f6c6173745f726567656e65726174657c693a313531313432313737333b),
('m4676s6uvataic7gok4u292chd159j8h', '158.140.167.48', 1511425964, 0x5f5f63695f6c6173745f726567656e65726174657c693a313531313432353936343b),
('5lqcbi77pej6q76gcp8rsrr4jq977lfc', '158.140.167.37', 1511432934, 0x5f5f63695f6c6173745f726567656e65726174657c693a313531313433323836303b),
('rr1p9mcnq3hshkht66vst8mlrjve6n5q', '54.219.178.100', 1511434648, 0x5f5f63695f6c6173745f726567656e65726174657c693a313531313433343634383b),
('ps9955372tk4u3jinffgevna6f6boddf', '54.67.67.222', 1511451216, 0x5f5f63695f6c6173745f726567656e65726174657c693a313531313435313231363b),
('e106aa1ljm1bd07buebb6cpko85isbui', '76.164.212.230', 1511466987, 0x5f5f63695f6c6173745f726567656e65726174657c693a313531313436363938373b),
('bg85om3du392ssi0feihopjb3mt7l19g', '76.164.212.230', 1511466988, 0x5f5f63695f6c6173745f726567656e65726174657c693a313531313436363938383b),
('f73e695gaa0jiaikmrdg8b4s03fe3eb0', '158.140.171.46', 1511491191, 0x5f5f63695f6c6173745f726567656e65726174657c693a313531313439313139313b),
('hnmj67hfils5bnl56dub1kiqj6h6gvid', '158.140.167.24', 1511491204, 0x5f5f63695f6c6173745f726567656e65726174657c693a313531313439313230343b),
('3qmn6gbbdsv6m5urm2i1l093g6q41a9s', '141.0.8.154', 1511491244, 0x5f5f63695f6c6173745f726567656e65726174657c693a313531313439313234343b),
('68rugmd8s6v5b25qnumrkja4bhukjpae', '202.67.32.94', 1511491378, 0x5f5f63695f6c6173745f726567656e65726174657c693a313531313439313337383b),
('keff1her82vhg8skgh4taed5k5n8gpuf', '141.0.8.154', 1511492017, 0x5f5f63695f6c6173745f726567656e65726174657c693a313531313439323031373b),
('a39k5o29jjos31u6duciqm7tvifkavmh', '158.140.167.24', 1511503779, 0x5f5f63695f6c6173745f726567656e65726174657c693a313531313530333737393b),
('h55lilo6cn4o1j4qrulv4hh2l4b2jhei', '75.149.221.170', 1511512640, 0x5f5f63695f6c6173745f726567656e65726174657c693a313531313531323634303b),
('smgosbnv5rl1p7j1va7sffol0n3brjmi', '158.140.167.24', 1511513004, 0x5f5f63695f6c6173745f726567656e65726174657c693a313531313531333030343b),
('rdckc3bh2nf6jd7f12pqaj4c7fd82g3a', '158.140.167.24', 1511513013, 0x5f5f63695f6c6173745f726567656e65726174657c693a313531313531333031333b),
('cdt5d2hgklo2nic56ideqcgr64faam7k', '158.140.167.24', 1511513293, 0x5f5f63695f6c6173745f726567656e65726174657c693a313531313531333239333b),
('mqomimf2f9j6m2hf08v1tgdjjjjo2svu', '158.140.167.24', 1511514342, 0x5f5f63695f6c6173745f726567656e65726174657c693a313531313531343334323b),
('3rl6s46ep1if7e21kq73aa5m8d26ids9', '158.140.171.46', 1511514352, 0x5f5f63695f6c6173745f726567656e65726174657c693a313531313531343335323b),
('kb3k6ajcib6ltq8scltm2modge37ip07', '64.233.173.17', 1511514490, 0x5f5f63695f6c6173745f726567656e65726174657c693a313531313531343439303b),
('3h4dmtj5j2u9vqrk1t9ttmphfqpeabeq', '::1', 1511524373, 0x5f5f63695f6c6173745f726567656e65726174657c693a313531313532343337333b),
('6phfp34cels8onm6sqn4r3nvi23cou16', '::1', 1514729079, 0x5f5f63695f6c6173745f726567656e65726174657c693a313531343732393036383b),
('787d53fgdac29jfd3v0bqaesjve1v5rn', '::1', 1514729696, 0x5f5f63695f6c6173745f726567656e65726174657c693a313531343732393435343b),
('ggv53lsadcvk2iijj5rfe9esf9mg8306', '::1', 1514730402, 0x5f5f63695f6c6173745f726567656e65726174657c693a313531343733303131383b),
('1ceugbmlb4812d3htf7ebtiiiu9dnrmd', '::1', 1514730723, 0x5f5f63695f6c6173745f726567656e65726174657c693a313531343733303437323b),
('tfib6bfkbkfb4k23fttrptmr288t7okc', '::1', 1514731015, 0x5f5f63695f6c6173745f726567656e65726174657c693a313531343733303830323b),
('umcjs1fu26ikgcu26uqhuk9o1oa4uuk6', '::1', 1514731540, 0x5f5f63695f6c6173745f726567656e65726174657c693a313531343733313430343b),
('u3mc9m09sik2or8r0tku8b5hb7paunej', '::1', 1514732100, 0x5f5f63695f6c6173745f726567656e65726174657c693a313531343733313839343b),
('ndjntj96g29a9vcv4dihff6kqvslbva7', '::1', 1514732660, 0x5f5f63695f6c6173745f726567656e65726174657c693a313531343733323634323b),
('c77teg2pfpd40hh7aoorekoaupajh51v', '::1', 1514736756, 0x5f5f63695f6c6173745f726567656e65726174657c693a313531343733363532343b),
('6hdaanpq1g8et5c4atlitn1b7volmhbm', '::1', 1514737304, 0x5f5f63695f6c6173745f726567656e65726174657c693a313531343733373035333b),
('6totdn244h3vd4m4sgkpr1e5vappptdr', '::1', 1514737422, 0x5f5f63695f6c6173745f726567656e65726174657c693a313531343733373335343b),
('6tphrhi03g4nsmrr9osv7es4ata9bo11', '::1', 1514738280, 0x5f5f63695f6c6173745f726567656e65726174657c693a313531343733383136383b),
('ju13fd2j8aj52442kvvhtme4dig5gphh', '::1', 1514738688, 0x5f5f63695f6c6173745f726567656e65726174657c693a313531343733383537333b),
('sf9ecg874bm951k3ih3s39kd2v98lrqf', '::1', 1514739302, 0x5f5f63695f6c6173745f726567656e65726174657c693a313531343733393039363b),
('tp9jp8aa3knlb7uanjk3nvjo04vhm1hi', '::1', 1514739815, 0x5f5f63695f6c6173745f726567656e65726174657c693a313531343733393738303b),
('5b0uh7pv0sjk5hfud7g6uj6s19o9l3qm', '::1', 1514740401, 0x5f5f63695f6c6173745f726567656e65726174657c693a313531343734303139333b),
('c2nvgvvukcbolh5nda8de462ihbnc3u8', '::1', 1514740703, 0x5f5f63695f6c6173745f726567656e65726174657c693a313531343734303532363b),
('si3nn6icus1d3of9er7pk5c897ddlj2v', '::1', 1514741471, 0x5f5f63695f6c6173745f726567656e65726174657c693a313531343734313233363b),
('p6ll5c6e9sn85d04s1icgpbu56itv4nk', '::1', 1514873087, 0x5f5f63695f6c6173745f726567656e65726174657c693a313531343837333038353b),
('9hev2m6eclc5h3m7j979sqe48fg1r0a6', '::1', 1514933622, 0x5f5f63695f6c6173745f726567656e65726174657c693a313531343933333430393b),
('gtmupqmggmkrkol6p4qfmu2tgiuu2cl5', '::1', 1514933924, 0x5f5f63695f6c6173745f726567656e65726174657c693a313531343933333731303b),
('lj7njnq0uh3p95l4t76d114g5l643ml0', '::1', 1514934144, 0x5f5f63695f6c6173745f726567656e65726174657c693a313531343933333935383b),
('5qijjp3fnc5b68pnbhmlmdoqnrcf42f5', '::1', 1514934162, 0x5f5f63695f6c6173745f726567656e65726174657c693a313531343933343136323b),
('22b4aecrh20qquitlh8kfbufikbn6vnn', '::1', 1514936041, 0x5f5f63695f6c6173745f726567656e65726174657c693a313531343933353839333b),
('rbt6g2iofiqr16g60f7p9krb2uqld1k9', '::1', 1514936764, 0x5f5f63695f6c6173745f726567656e65726174657c693a313531343933363636363b),
('mlpoum31885j7sla0o9teabasihduprc', '::1', 1514937487, 0x5f5f63695f6c6173745f726567656e65726174657c693a313531343933373334333b),
('9tkp2g1sc3cro1aj23pq1rsfootv2c9u', '::1', 1514938082, 0x5f5f63695f6c6173745f726567656e65726174657c693a313531343933383034303b),
('ae0s05pe0roq55i2gt2sg97g7tn7ui0g', '::1', 1514938467, 0x5f5f63695f6c6173745f726567656e65726174657c693a313531343933383435303b),
('plckk1lhui79v061q5fle4e9uslkg10t', '::1', 1515282929, 0x5f5f63695f6c6173745f726567656e65726174657c693a313531353238323932383b),
('h5c35p1n2fk9hns5lm7o8iku1bo12ca1', '::1', 1515285097, 0x5f5f63695f6c6173745f726567656e65726174657c693a313531353238343931373b),
('5ea7fqv3egapi6072u4p46uao6gvaluf', '::1', 1515285660, 0x5f5f63695f6c6173745f726567656e65726174657c693a313531353238353339313b),
('r5lnr4ot0g1e7htfna5b9sm77h897irn', '::1', 1515286025, 0x5f5f63695f6c6173745f726567656e65726174657c693a313531353238353734393b),
('3udi12h5iv5dbe43hho72kbaflo179a7', '::1', 1515286405, 0x5f5f63695f6c6173745f726567656e65726174657c693a313531353238363132383b),
('n3q901ksl9h5pp4g731gcoiubr2h8h8u', '::1', 1515286639, 0x5f5f63695f6c6173745f726567656e65726174657c693a313531353238363433393b),
('rafl12vfv083454v2139m94qtoucb0j3', '::1', 1515286961, 0x5f5f63695f6c6173745f726567656e65726174657c693a313531353238363734323b),
('vq3pdhp9g98865l3ullivo7fiifiqbgd', '::1', 1515288236, 0x5f5f63695f6c6173745f726567656e65726174657c693a313531353238373935353b),
('o23gbn50fa62daae8ff79da9pd09ekf8', '::1', 1515289725, 0x5f5f63695f6c6173745f726567656e65726174657c693a313531353238393538303b),
('p9e2fspckuqi8im9ifk1ir8qv67rnieb', '::1', 1515291369, 0x5f5f63695f6c6173745f726567656e65726174657c693a313531353239313336393b),
('dvfs606l7um3aullssuduuidsoemgqiv', '::1', 1515363309, 0x5f5f63695f6c6173745f726567656e65726174657c693a313531353336333031313b),
('qofgq6lsu7pqbc0dt4f2p3s9ls8f58es', '::1', 1515363538, 0x5f5f63695f6c6173745f726567656e65726174657c693a313531353336333337323b),
('3r240sahukrh3unus13k45d9b4vc20va', '::1', 1515363743, 0x5f5f63695f6c6173745f726567656e65726174657c693a313531353336333734333b),
('01v5gd10bkthvp54s5qsdlkqmv8edbm2', '::1', 1515364564, 0x5f5f63695f6c6173745f726567656e65726174657c693a313531353336343236343b),
('hpdjj6d4pgk00ao6kuvoc59mseombh10', '::1', 1515364634, 0x5f5f63695f6c6173745f726567656e65726174657c693a313531353336343633343b),
('2d4ev962fd538pc0ss6lbvlcogqanjfo', '::1', 1515365068, 0x5f5f63695f6c6173745f726567656e65726174657c693a313531353336353032313b),
('fjb933i4nph3ei8pjmiirhjcpd6g8u47', '::1', 1515365579, 0x5f5f63695f6c6173745f726567656e65726174657c693a313531353336353432373b),
('j5ebkl6i7c6sbjdn7un3dhocil2iq92t', '::1', 1515366900, 0x5f5f63695f6c6173745f726567656e65726174657c693a313531353336363630313b),
('un1vs0tou2hns6sqdt584hcgcu1m93jm', '::1', 1515367066, 0x5f5f63695f6c6173745f726567656e65726174657c693a313531353336363931343b),
('bijho3lnp32eeaie7v894i3mpcqn0j0p', '::1', 1515367225, 0x5f5f63695f6c6173745f726567656e65726174657c693a313531353336373232353b),
('ad4vgpf3rk7ls3q481he2em3uu5hca33', '::1', 1515367817, 0x5f5f63695f6c6173745f726567656e65726174657c693a313531353336373533323b),
('o8vubr2uqffbqbhi381djaq1s1ct83q0', '::1', 1515368145, 0x5f5f63695f6c6173745f726567656e65726174657c693a313531353336373836323b),
('1vl4gpm99askc8lean6jcr5khus2nemv', '::1', 1515368515, 0x5f5f63695f6c6173745f726567656e65726174657c693a313531353336383338353b),
('fdlgrf1b1ghcuohmvva9lfsl8im31f8o', '::1', 1515368852, 0x5f5f63695f6c6173745f726567656e65726174657c693a313531353336383834383b),
('9onqvi963krdmtob08a54lcualmmbpc6', '::1', 1515369171, 0x5f5f63695f6c6173745f726567656e65726174657c693a313531353336393135373b),
('2t9la49biag00q1uhs3pu73rrd6d08mv', '::1', 1515416313, 0x5f5f63695f6c6173745f726567656e65726174657c693a313531353431363137313b),
('0hvdbc9s7cf9hgjtp72vvmd7bmbm0k7u', '::1', 1515470272, 0x5f5f63695f6c6173745f726567656e65726174657c693a313531353437303231393b),
('m4ft79h9uilo39vvlpb0on1d23jpqtta', '::1', 1515472843, 0x5f5f63695f6c6173745f726567656e65726174657c693a313531353437323731313b),
('j1fm73gd8l2d1hhrujm02n4v9uvr2s3c', '::1', 1515564498, 0x5f5f63695f6c6173745f726567656e65726174657c693a313531353536343239353b),
('s7dv92od3dbmc8pqvgo871582o367liu', '::1', 1515565089, 0x5f5f63695f6c6173745f726567656e65726174657c693a313531353536343831363b),
('4334pbocgp624mvne71aqd7ph17lf9nm', '::1', 1515565399, 0x5f5f63695f6c6173745f726567656e65726174657c693a313531353536353133303b),
('ua002qfhq38gi57aof2ce6p5e8pafl3h', '::1', 1515565974, 0x5f5f63695f6c6173745f726567656e65726174657c693a313531353536353739323b),
('9uksrihe4p3b3di67bs9gbg8mo76hl8v', '::1', 1515566337, 0x5f5f63695f6c6173745f726567656e65726174657c693a313531353536363039393b),
('a15sckj0a5aiks3t84nf4ila0q3goehf', '::1', 1515566829, 0x5f5f63695f6c6173745f726567656e65726174657c693a313531353536363639383b),
('9pp75kct5gvm46ug7kvlot0gi6kdjuu5', '::1', 1515567740, 0x5f5f63695f6c6173745f726567656e65726174657c693a313531353536373535373b),
('j92rt8bqta3fl7pvjbp05flqp8dl917c', '::1', 1515567971, 0x5f5f63695f6c6173745f726567656e65726174657c693a313531353536373937313b),
('cnn4kh5ig9klju350o8o847d1nh70grf', '::1', 1515569018, 0x5f5f63695f6c6173745f726567656e65726174657c693a313531353536393031373b),
('rmaioio7f9q5m5unk97uefr955evuk8v', '::1', 1515569960, 0x5f5f63695f6c6173745f726567656e65726174657c693a313531353536393638303b),
('5jqoedeknqqvfs2smj3dlu9rs7rlhr06', '::1', 1515570056, 0x5f5f63695f6c6173745f726567656e65726174657c693a313531353537303033323b),
('5vk21aaon0j4d02i5nre9soojlfhvljr', '::1', 1515571179, 0x5f5f63695f6c6173745f726567656e65726174657c693a313531353537313137393b),
('rmbe5hjn3qk691ae8avj9mnclsntjmra', '::1', 1515574241, 0x5f5f63695f6c6173745f726567656e65726174657c693a313531353537343032323b),
('amli196ucbcb70rjajiud30lm79k0kdp', '::1', 1515574592, 0x5f5f63695f6c6173745f726567656e65726174657c693a313531353537343337343b),
('bnev73jb95itre4kpq1teu03vjc9ngte', '::1', 1515574693, 0x5f5f63695f6c6173745f726567656e65726174657c693a313531353537343639333b),
('3hv174eeh0clnv3mjl88oa8oph03i5gm', '::1', 1516017045, 0x5f5f63695f6c6173745f726567656e65726174657c693a313531363031373034323b),
('vb65jedjou2ritlpldes4kcbnki8je9n', '::1', 1516018545, 0x5f5f63695f6c6173745f726567656e65726174657c693a313531363031383534353b),
('phtql8i3oi6njbm50qmkgjpv0nsikj6j', '::1', 1516144638, 0x5f5f63695f6c6173745f726567656e65726174657c693a313531363134343633353b),
('grbbmv1regij7htn4at57sulem86cv1g', '::1', 1516145370, 0x5f5f63695f6c6173745f726567656e65726174657c693a313531363134353332343b),
('puao7i97ff83gqh9n479ss5vhi3atcbp', '::1', 1516146030, 0x5f5f63695f6c6173745f726567656e65726174657c693a313531363134353733353b),
('g03kelhv03pjjuhafpg18g1nsat0sqp6', '::1', 1516146281, 0x5f5f63695f6c6173745f726567656e65726174657c693a313531363134363034363b),
('orcag9ooutoe2vh899fd8rqi98pk5r2b', '::1', 1516146698, 0x5f5f63695f6c6173745f726567656e65726174657c693a313531363134363339393b),
('lc41do2d8f37jkn97fvj6qhtgsfq318b', '::1', 1516147288, 0x5f5f63695f6c6173745f726567656e65726174657c693a313531363134373030303b),
('0slufcik4g6c1cvbat2udqbk0phhpj44', '::1', 1516147600, 0x5f5f63695f6c6173745f726567656e65726174657c693a313531363134373333343b),
('ij91d5hj43c1hdpe73fdnbq3bvhj18ec', '::1', 1516147804, 0x5f5f63695f6c6173745f726567656e65726174657c693a313531363134373830343b),
('9km4favhosl1lkqua0j2m46rrb6d0sgu', '::1', 1516148421, 0x5f5f63695f6c6173745f726567656e65726174657c693a313531363134383137303b),
('trhjttkkve6j6pjk1mvlg88gom775ni9', '::1', 1516148543, 0x5f5f63695f6c6173745f726567656e65726174657c693a313531363134383534333b),
('h0stg5utbc1d0pd7jcn68aaqtff4klo7', '::1', 1516329168, 0x5f5f63695f6c6173745f726567656e65726174657c693a313531363332393136363b),
('16vac72o8sc72jps43d9ql1e4dpvod4u', '::1', 1516333960, 0x5f5f63695f6c6173745f726567656e65726174657c693a313531363333333836313b),
('vcj90lrg69e4bi4bo6su976i20ft8egf', '::1', 1516334326, 0x5f5f63695f6c6173745f726567656e65726174657c693a313531363333343238313b),
('ejrmgb9sak14pjbbi4j8n6n4hejupu7h', '::1', 1516340138, 0x5f5f63695f6c6173745f726567656e65726174657c693a313531363333393836303b),
('pno476593ir02rg250kp8lu55pp9h2go', '::1', 1516340181, 0x5f5f63695f6c6173745f726567656e65726174657c693a313531363334303138313b),
('lcr44p18hb75edocnk6nvkfbgsmfcted', '::1', 1516340218, 0x5f5f63695f6c6173745f726567656e65726174657c693a313531363334303231363b),
('6kqvdp68staukcknhhlqh381esqvgc57', '::1', 1516341084, 0x5f5f63695f6c6173745f726567656e65726174657c693a313531363334303739323b),
('dct6b0vd804rr9dincmh4iho1n0qsice', '::1', 1516341406, 0x5f5f63695f6c6173745f726567656e65726174657c693a313531363334313133333b),
('59k1uurgtbu5fic3glat153pitlugg2d', '::1', 1516341553, 0x5f5f63695f6c6173745f726567656e65726174657c693a313531363334313535333b),
('uqa4mr83h8t46geip2dai71ssfc92gbj', '::1', 1516345617, 0x5f5f63695f6c6173745f726567656e65726174657c693a313531363334353631313b),
('if4o6tqg5anbf722jessansdu2l3rjvf', '::1', 1516346440, 0x5f5f63695f6c6173745f726567656e65726174657c693a313531363334363434303b),
('7klqv7m3jh3rroo0q3lrjbl1tnido1j0', '::1', 1516348046, 0x5f5f63695f6c6173745f726567656e65726174657c693a313531363334373838313b),
('151i14vjgj7afa2arv71ea5rh6gju6fh', '::1', 1516348082, 0x5f5f63695f6c6173745f726567656e65726174657c693a313531363334383038323b),
('a2eespqenosadsac0nn9e3aekngfn1aj', '::1', 1516348102, 0x5f5f63695f6c6173745f726567656e65726174657c693a313531363334383130323b),
('kr2gmlm517i1d8pu8jepvb927fh569i8', '::1', 1516348225, 0x5f5f63695f6c6173745f726567656e65726174657c693a313531363334383232353b),
('4r0ccagoflokog61pd43e7vunq2prout', '::1', 1516348897, 0x5f5f63695f6c6173745f726567656e65726174657c693a313531363334383635333b),
('dg10e8jm367o1rvkivn3r2ltfccol3jt', '::1', 1516349017, 0x5f5f63695f6c6173745f726567656e65726174657c693a313531363334383935343b),
('ko3nlp0h7dhh9otteuccvdnptq12pdtj', '::1', 1516353537, 0x5f5f63695f6c6173745f726567656e65726174657c693a313531363335333533373b),
('jiqfkjrnau5rkslpdd4vfko5f8olt437', '::1', 1516353791, 0x5f5f63695f6c6173745f726567656e65726174657c693a313531363335333739313b),
('7gmufb4dl0au3i7tmta7t8gl427iv5r6', '::1', 1516353898, 0x5f5f63695f6c6173745f726567656e65726174657c693a313531363335333839383b),
('opjn572b1p58r1t2ibgrl7s86g9543kb', '140.0.193.147', 1516355380, 0x5f5f63695f6c6173745f726567656e65726174657c693a313531363335353338303b),
('g8dus23le9beukh6salfoqlpsaui0i6u', '149.154.167.161', 1516355407, 0x5f5f63695f6c6173745f726567656e65726174657c693a313531363335353430373b),
('kdp9223qvbf4uv977ddk65r13mgpse42', '140.0.193.147', 1516355755, 0x5f5f63695f6c6173745f726567656e65726174657c693a313531363335353531363b),
('j8isf8toke7pe2ha8tapmm1vaf0u2hnf', '140.0.193.147', 1516355675, 0x5f5f63695f6c6173745f726567656e65726174657c693a313531363335353637353b),
('pg2tm6ai7m9c452o6072p1r33t65kabc', '168.235.200.148', 1516356016, 0x5f5f63695f6c6173745f726567656e65726174657c693a313531363335363031363b),
('qe9v6hb002rj3a7u8r24bpjjn7kmj42u', '180.251.81.140', 1516356787, 0x5f5f63695f6c6173745f726567656e65726174657c693a313531363335363636363b),
('s2aqdrmga185lhf6fde7n6ccs19or1hp', '5.255.251.11', 1516364968, 0x5f5f63695f6c6173745f726567656e65726174657c693a313531363336343936383b),
('h89p98pke3e5prfn9gf90r6gegfmnuqd', '5.255.251.11', 1516364968, 0x5f5f63695f6c6173745f726567656e65726174657c693a313531363336343936383b),
('bfmel8prl5c4o627jc23odit7tpiejcu', '168.235.200.43', 1516366840, 0x5f5f63695f6c6173745f726567656e65726174657c693a313531363336363834303b),
('cuqjkst540iqgtapj77tfo1j005g0fnj', '64.233.173.4', 1516373557, 0x5f5f63695f6c6173745f726567656e65726174657c693a313531363337333535373b),
('trlv947hejo4md9kp0eh3mdr9k5424o5', '207.46.13.94', 1516378277, 0x5f5f63695f6c6173745f726567656e65726174657c693a313531363337383237373b),
('vgevbglljlbupmltt669m0skaqpi8jnr', '198.186.192.103', 1516397715, 0x5f5f63695f6c6173745f726567656e65726174657c693a313531363339373731353b),
('6uv0hheh5t25dvfqji2et6hu10utd5gh', '198.186.192.103', 1516397990, 0x5f5f63695f6c6173745f726567656e65726174657c693a313531363339373938393b),
('gcnbm3jrnm1jrh4n4ifrail4i9kbaahd', '120.188.38.64', 1516400211, 0x5f5f63695f6c6173745f726567656e65726174657c693a313531363430303231313b),
('4hcr2fu7nc6b3v2jju1mam7fp5cspos4', '204.187.14.71', 1516400281, 0x5f5f63695f6c6173745f726567656e65726174657c693a313531363430303238313b),
('kf25q4cj0tt5vltsimg10m4rdt4pdi5h', '204.187.14.71', 1516400283, 0x5f5f63695f6c6173745f726567656e65726174657c693a313531363430303238333b),
('mik6k9iaflp6vtnr29ek7ghgm1ee3lk9', '66.249.82.75', 1516400507, 0x5f5f63695f6c6173745f726567656e65726174657c693a313531363430303530363b),
('he3nfq7tasngcreqkmkga3ll6ghss9r1', '66.249.82.73', 1516400507, 0x5f5f63695f6c6173745f726567656e65726174657c693a313531363430303530373b),
('1iq65n8ber7hr0ib0pv60nbpt5ebhstv', '66.249.81.153', 1516400642, 0x5f5f63695f6c6173745f726567656e65726174657c693a313531363430303634323b),
('qm95i4er8upo5gvfl2qjc8jardl0rl52', '66.249.83.217', 1516400642, 0x5f5f63695f6c6173745f726567656e65726174657c693a313531363430303634323b),
('hugeu4qipdooqu3cukdqg1hbp0qkv4hg', '66.249.83.219', 1516400645, 0x5f5f63695f6c6173745f726567656e65726174657c693a313531363430303634353b),
('ssoh1pftrpfff5lekto5sn8dg7uk69q3', '66.249.81.149', 1516400645, 0x5f5f63695f6c6173745f726567656e65726174657c693a313531363430303634353b),
('j7fdspc4ppgffg7ev4sest5dbubdgog8', '72.14.199.151', 1516400654, 0x5f5f63695f6c6173745f726567656e65726174657c693a313531363430303635343b),
('h3fp4c3r41bqglfkjra1k4kh629lnd8n', '168.235.200.215', 1516402643, 0x5f5f63695f6c6173745f726567656e65726174657c693a313531363430323634333b),
('0jjnd249gi9ljck3cg6khdv5tns7onj6', '139.0.244.151', 1516411072, 0x5f5f63695f6c6173745f726567656e65726174657c693a313531363431313037323b),
('7ljqe6qrnlpcldf9rlsc5pajtopuhund', '204.187.14.73', 1516411228, 0x5f5f63695f6c6173745f726567656e65726174657c693a313531363431313232383b),
('vfc57cnh1ckr0fvkq75vp87ivn814i9s', '204.187.14.73', 1516411230, 0x5f5f63695f6c6173745f726567656e65726174657c693a313531363431313233303b),
('grp3uvbq5p6ki2l7ectsgoanmcbmp73a', '180.251.81.140', 1516411615, 0x5f5f63695f6c6173745f726567656e65726174657c693a313531363431313631353b),
('6npo6dhakaf1vl7b52748svfivb42h0g', '139.0.244.151', 1516413725, 0x5f5f63695f6c6173745f726567656e65726174657c693a313531363431333732353b),
('fubepc9ab0p2glclp52req7hu97b6tss', '204.187.14.78', 1516413775, 0x5f5f63695f6c6173745f726567656e65726174657c693a313531363431333737353b),
('1nnq54db73f5vacff65ll1o9vssev6np', '204.187.14.78', 1516413777, 0x5f5f63695f6c6173745f726567656e65726174657c693a313531363431333737373b),
('leoku1hv096frfmc78brbdb98pmlhc98', '204.187.14.78', 1516414035, 0x5f5f63695f6c6173745f726567656e65726174657c693a313531363431343033353b),
('jv681spc3j3h7nm2lf9t0ndceohvv5h5', '204.187.14.78', 1516414037, 0x5f5f63695f6c6173745f726567656e65726174657c693a313531363431343033373b),
('sh95hjdgjdgakkaet8ktnnbl3ivkse2l', '139.0.244.151', 1516414310, 0x5f5f63695f6c6173745f726567656e65726174657c693a313531363431343236383b),
('88ff91v0fv4mmdfi45hqom2f1e3rltmk', '139.0.244.151', 1516414702, 0x5f5f63695f6c6173745f726567656e65726174657c693a313531363431343631393b),
('l2i2f75tglnc2eoens989h79veae1qcl', '199.10.31.194', 1516414720, 0x5f5f63695f6c6173745f726567656e65726174657c693a313531363431343732303b),
('fl9n7vpm5omqnbb794cjosi4kmg33irc', '199.10.31.194', 1516414725, 0x5f5f63695f6c6173745f726567656e65726174657c693a313531363431343732353b),
('fjupsnehhfqh3catome1l5gbadv7feec', '204.187.14.70', 1516416258, 0x5f5f63695f6c6173745f726567656e65726174657c693a313531363431363235383b),
('3h8ok3rchputd34pc2q2vftsbpsb4hi3', '204.187.14.70', 1516416261, 0x5f5f63695f6c6173745f726567656e65726174657c693a313531363431363236313b),
('pbhjen4q9cqlgp8qvp6dsp4cit8gn70b', '139.0.244.151', 1516418730, 0x5f5f63695f6c6173745f726567656e65726174657c693a313531363431383733303b),
('29dotv1vsu6po1an6d5h2vlv6tdfrhi2', '204.187.14.73', 1516419229, 0x5f5f63695f6c6173745f726567656e65726174657c693a313531363431393232393b),
('e4nd75o2sdeplkblv9gbbsqm2ishrps2', '204.187.14.73', 1516419231, 0x5f5f63695f6c6173745f726567656e65726174657c693a313531363431393233313b),
('ed8dorfar8lpvq7hkbvgmkgendegmqbf', '199.10.31.194', 1516419304, 0x5f5f63695f6c6173745f726567656e65726174657c693a313531363431393330343b),
('v78h1sh2t1ag20s2gnqf4bpmieeieflt', '199.10.31.194', 1516419307, 0x5f5f63695f6c6173745f726567656e65726174657c693a313531363431393330373b),
('n9j01a991i1kbuig9gp1p020q3ssiltk', '199.10.31.194', 1516419537, 0x5f5f63695f6c6173745f726567656e65726174657c693a313531363431393533373b),
('f989bfei2in4aesa485lpioh290t96du', '199.10.31.194', 1516419540, 0x5f5f63695f6c6173745f726567656e65726174657c693a313531363431393534303b),
('k0d7onjofqu4n3ifaqba9e4dr1jf2hlv', '204.187.14.74', 1516419967, 0x5f5f63695f6c6173745f726567656e65726174657c693a313531363431393936373b),
('5dk58fmsvude9ebtn8jd9n710jbs9bvf', '204.187.14.74', 1516419975, 0x5f5f63695f6c6173745f726567656e65726174657c693a313531363431393937353b),
('loagtih1r4dq20bbd1b17peqhcah24bm', '204.187.14.72', 1516420398, 0x5f5f63695f6c6173745f726567656e65726174657c693a313531363432303339383b),
('6nmb7bnrcl79kbkdl0bop34c3sgbik3a', '204.187.14.72', 1516420400, 0x5f5f63695f6c6173745f726567656e65726174657c693a313531363432303430303b),
('ctpu78816iroikeqan7nmhhikm2qr0u9', '139.0.244.151', 1516420846, 0x5f5f63695f6c6173745f726567656e65726174657c693a313531363432303537353b),
('70ffc0hoatr7lda301h7n6eogj12oknk', '139.0.244.151', 1516421215, 0x5f5f63695f6c6173745f726567656e65726174657c693a313531363432303936343b),
('71lem48bouc39oojkfh9g517770807aa', '139.0.244.151', 1516421441, 0x5f5f63695f6c6173745f726567656e65726174657c693a313531363432313330363b555345524e414d457c733a363a2261646d696e6e223b504153537c733a33323a223963316164303061313661376336376532373237623437316163393639653936223b6c6f67696e5f7374617475737c623a313b),
('b7g9ta25rte5pdih80joqqu6ua3a0fpt', '149.154.167.171', 1516421411, 0x5f5f63695f6c6173745f726567656e65726174657c693a313531363432313431313b6e6f7469667c733a34373a224c4f47494e20474147414c20555345524e414d4520415441552050415353574f524420414e44412053414c41482021223b5f5f63695f766172737c613a313a7b733a353a226e6f746966223b733a333a226f6c64223b7d),
('9tvsldd0la97pt4t0mgr0lprmmogpd0p', '180.251.81.140', 1516421671, 0x5f5f63695f6c6173745f726567656e65726174657c693a313531363432313535373b),
('8ns587hifhklfd6qphcvj5bsojblt1nq', '180.251.81.140', 1516421588, 0x5f5f63695f6c6173745f726567656e65726174657c693a313531363432313538383b),
('b51n4771eii0lje93606k2hlu75819k7', '103.213.128.173', 1516422824, 0x5f5f63695f6c6173745f726567656e65726174657c693a313531363432323830333b555345524e414d457c733a363a2261646d696e6e223b504153537c733a33323a223963316164303061313661376336376532373237623437316163393639653936223b6c6f67696e5f7374617475737c623a313b),
('gc7oetvddif1ue2l0jccmk6dtd7tjnp4', '139.0.244.151', 1516426039, 0x5f5f63695f6c6173745f726567656e65726174657c693a313531363432363033393b),
('o1c4vt2n8orc44k9932ojb94ckmmabh5', '139.0.244.151', 1516426077, 0x5f5f63695f6c6173745f726567656e65726174657c693a313531363432363037373b),
('fr4fuujdtki0ovjbqptmhacn6bap50p5', '139.0.244.151', 1516426081, 0x5f5f63695f6c6173745f726567656e65726174657c693a313531363432363038313b);
INSERT INTO `ci_sessions` (`id`, `ip_address`, `timestamp`, `data`) VALUES
('9ssbmo482sqpfbhj2vssisfho4r8vb9u', '::1', 1516585853, 0x5f5f63695f6c6173745f726567656e65726174657c693a313531363538353732363b),
('5f2jdkkq8hqsnsbe8u6msrnm13ep5ien', '::1', 1516587151, 0x5f5f63695f6c6173745f726567656e65726174657c693a313531363538373135313b),
('68otq8q9d2bm42ahoga9553gad3rikb3', '::1', 1517441644, 0x5f5f63695f6c6173745f726567656e65726174657c693a313531373434313634323b),
('bu3ob31trdmhrdf87hae80710r5ui9rr', '::1', 1517578970, 0x5f5f63695f6c6173745f726567656e65726174657c693a313531373537383936383b),
('2mlq7stmo49ftg99b2odv242ju6qsgon', '::1', 1517579558, 0x5f5f63695f6c6173745f726567656e65726174657c693a313531373537393535383b),
('5qdhatdqk0t8ae1891enslg2n7bigb7j', '::1', 1517704352, 0x5f5f63695f6c6173745f726567656e65726174657c693a313531373730343236373b),
('h7dib7kqkgh4ubava7i78vhk5cpgjde3', '::1', 1517722916, 0x5f5f63695f6c6173745f726567656e65726174657c693a313531373732323830323b),
('k28lskq5buj89e12ota3qp4p0qits6vb', '::1', 1517723340, 0x5f5f63695f6c6173745f726567656e65726174657c693a313531373732333334303b),
('4on2atu66pq9mrdmmvcoj040h05heg9a', '::1', 1517723867, 0x5f5f63695f6c6173745f726567656e65726174657c693a313531373732333836373b),
('qh8iclklld3kmd0h3ktjog3ui1u8ikp6', '::1', 1517724513, 0x5f5f63695f6c6173745f726567656e65726174657c693a313531373732343531333b);

-- --------------------------------------------------------

--
-- Table structure for table `event`
--

CREATE TABLE `event` (
  `id_event` int(100) NOT NULL,
  `gambar` varchar(500) NOT NULL,
  `bulan` text NOT NULL,
  `tanggal` text NOT NULL,
  `tema` text NOT NULL,
  `judul` text NOT NULL,
  `deskripsi` text NOT NULL,
  `url` varchar(500) NOT NULL
) ENGINE=InnoDB DEFAULT CHARSET=latin1;

--
-- Dumping data for table `event`
--

INSERT INTO `event` (`id_event`, `gambar`, `bulan`, `tanggal`, `tema`, `judul`, `deskripsi`, `url`) VALUES
(1, 'workshopmotivasi.jpg', 'JAN', '6', 'Motivasi', 'Kupas Tuntas 7 Jurus Mengoptimalkan Potensi Diri Untuk Bisnis dan Karirmu', 'Bisnis dan Karir tidak berkembang, Padahal punya skill dan punya modal. Apa yang Salah ? Pernahkah anda cari tau permasalahanya ?. Pernahkan anda berpikir permasalahan yang ada dalam bisnis dan karir anda adalah DIRI ANDA SENDIRI.', 'virtoclass-motivasi'),
(2, 'virtoclassfeb.jpg', 'FEB', '24', 'Internet Marketing', 'Bongkar Rahasia 100jt dari Google Media Gratisan', 'Bingung cara melejitkan Bisnis Anda. Internet Marketing adalah caranya. tidak perlu mengeluarkan ratusan juta untuk beriklan. Hanya dengan media di Google', 'virtoclass-internetmarketing');

-- --------------------------------------------------------

--
-- Table structure for table `galeri`
--

CREATE TABLE `galeri` (
  `id_galeri` int(100) NOT NULL,
  `gambar` varchar(100) NOT NULL,
  `judul` text NOT NULL,
  `subjudul` text NOT NULL,
  `id_galeri_kategori` int(100) NOT NULL
) ENGINE=InnoDB DEFAULT CHARSET=latin1;

--
-- Dumping data for table `galeri`
--

INSERT INTO `galeri` (`id_galeri`, `gambar`, `judul`, `subjudul`, `id_galeri_kategori`) VALUES
(1, 'resepsionis.jpg', 'Area Resepsionis', 'Fasilitas Umum', 4),
(2, 'loobivirto.jpg', 'Ruang Lobby Lantai 1', 'Fasilitas Umum', 4),
(3, 'lobi3.jpg', 'Ruang Lobby Lantai 3', 'Fasilitas Umum', 4),
(4, 'lobby3.jpg', 'Ruang Lobby Lantai 2', 'Fasilitas Umum', 4),
(5, 'musola.jpg', 'Musholla', 'Fasilitas Umum', 4),
(6, 'sewa kantor surabaya.jpg', 'Ruang Kantor Siap Pakai', 'Ruang Kantor', 1),
(7, 'coworking1.jpg', 'Ruang Coworking', 'Ruang Kantor', 3),
(8, 'coworking2.jpg', 'Ruang Coworking', 'Ruang Kantor', 3),
(9, 'lesehan.jpg', 'Ruang Lesehan Coworking', 'Ruang Kantor', 3),
(10, 'meeting1.jpg', 'Ruang Meeting & Training', 'Ruang Meeting', 2),
(11, 'meeting2.jpg', 'Ruang Meeting & Training', 'Ruang Meeting', 2),
(12, 'meeting3.jpg', 'Ruang Meeting & Training', 'Ruang Meeting', 2);

-- --------------------------------------------------------

--
-- Table structure for table `galeri_kategori`
--

CREATE TABLE `galeri_kategori` (
  `id_galeri_kategori` int(100) NOT NULL,
  `judul` text NOT NULL,
  `url` varchar(100) NOT NULL
) ENGINE=InnoDB DEFAULT CHARSET=latin1;

--
-- Dumping data for table `galeri_kategori`
--

INSERT INTO `galeri_kategori` (`id_galeri_kategori`, `judul`, `url`) VALUES
(1, 'Ruang Kantor', 'kantor'),
(2, 'Ruang Meeting', 'meeting'),
(3, 'Ruang Coworking', 'coworking'),
(4, 'Fasilitas Umum', 'fasilitas');

-- --------------------------------------------------------

--
-- Table structure for table `klien`
--

CREATE TABLE `klien` (
  `id_klien` int(10) NOT NULL,
  `gambar` varchar(500) NOT NULL
) ENGINE=InnoDB DEFAULT CHARSET=latin1;

--
-- Dumping data for table `klien`
--

INSERT INTO `klien` (`id_klien`, `gambar`) VALUES
(1, 'klien2.png'),
(2, 'klien3.jpg'),
(3, 'klien4.jpg'),
(4, 'klien5.png'),
(5, 'klien6.png'),
(6, 'klien7.jpg'),
(7, 'klien8.jpg'),
(8, 'klien9.png'),
(9, 'klien10.jpg'),
(10, 'klien11.png'),
(11, 'klien12.jpg'),
(12, 'klien13.png');

-- --------------------------------------------------------

--
-- Table structure for table `newslatter`
--

CREATE TABLE `newslatter` (
  `id_newslatter` int(100) NOT NULL,
  `email` varchar(100) NOT NULL
) ENGINE=InnoDB DEFAULT CHARSET=latin1;

-- --------------------------------------------------------

--
-- Table structure for table `penawaran`
--

CREATE TABLE `penawaran` (
  `id_penawaran` int(100) NOT NULL,
  `nama` text NOT NULL,
  `bisnis` text NOT NULL,
  `email` varchar(100) NOT NULL,
  `tlp` varchar(100) NOT NULL,
  `pesan` text NOT NULL
) ENGINE=InnoDB DEFAULT CHARSET=latin1;

-- --------------------------------------------------------

--
-- Table structure for table `section_about`
--

CREATE TABLE `section_about` (
  `id_section_about` int(100) NOT NULL,
  `judul` text NOT NULL,
  `subjudul` text NOT NULL,
  `deskripsi` text NOT NULL,
  `icon1` varchar(100) NOT NULL,
  `icon2` varchar(100) NOT NULL,
  `icon3` varchar(100) NOT NULL
) ENGINE=InnoDB DEFAULT CHARSET=latin1;

--
-- Dumping data for table `section_about`
--

INSERT INTO `section_about` (`id_section_about`, `judul`, `subjudul`, `deskripsi`, `icon1`, `icon2`, `icon3`) VALUES
(1, 'Kami yang pertama di surabaya', 'Virto Office | Sewa Kantor Surabaya', '<p>Berdiri sejak tahun 2008. Merupakan persewaan ruang kantor yang terletak strategis di Timur Surabaya, VIRTO dilengkapi dengan sarana dan fasiilitas yang lengkap, seperti wifi dengan kecepatan tinggi hingga 50 Mbps, perabotan kantor standart berkualitas, ruang lobby yang nyaman serta fasilitas lain yang dapat menyesuaikan kebutuhan dan permintaan khusus Anda. Dengan beragam luas dan bentuk, VIRTO Sewa Kantor Surabaya merupakan solusi paling tepat untuk kebutuhan bisnis dan usaha Anda.<br>  <br> Dengan menjadi bagian dari VIRTO, Anda akan selalu menikmati kenyamanan fasilitas asisten pribadi yang akan siap mendukung aktivitas kerja anda, seperti menerima dan menjawab semua tamu, korespondensi dan telepon untuk Anda. Semua staf kami memiliki latar belakang professional, terlatih dan berpengalaman dalam memberikan layanan pelanggan berkualitas. .</p>\r\n					', 'Care', 'Professional', 'Affordable');

-- --------------------------------------------------------

--
-- Table structure for table `section_benefit`
--

CREATE TABLE `section_benefit` (
  `id_section_benefit` int(100) NOT NULL,
  `judul` text NOT NULL
) ENGINE=InnoDB DEFAULT CHARSET=latin1;

--
-- Dumping data for table `section_benefit`
--

INSERT INTO `section_benefit` (`id_section_benefit`, `judul`) VALUES
(0, 'Keuntungan Menjadi Member Virto');

-- --------------------------------------------------------

--
-- Table structure for table `section_event`
--

CREATE TABLE `section_event` (
  `id_section_event` int(100) NOT NULL,
  `judul` text NOT NULL,
  `subjudul` text NOT NULL
) ENGINE=InnoDB DEFAULT CHARSET=latin1;

--
-- Dumping data for table `section_event`
--

INSERT INTO `section_event` (`id_section_event`, `judul`, `subjudul`) VALUES
(1, 'Jadwal Event', 'Ikuti setiap event, dapatkan ilmu bermanfaat dan jaringan yang luas. !');

-- --------------------------------------------------------

--
-- Table structure for table `section_galeri`
--

CREATE TABLE `section_galeri` (
  `id_section_galeri` int(100) NOT NULL,
  `judul` text NOT NULL
) ENGINE=InnoDB DEFAULT CHARSET=latin1;

--
-- Dumping data for table `section_galeri`
--

INSERT INTO `section_galeri` (`id_section_galeri`, `judul`) VALUES
(1, 'Galeri Virto Office');

-- --------------------------------------------------------

--
-- Table structure for table `section_klien`
--

CREATE TABLE `section_klien` (
  `id_section_klien` int(10) NOT NULL,
  `judul` text NOT NULL,
  `subjudul` text NOT NULL
) ENGINE=InnoDB DEFAULT CHARSET=latin1;

--
-- Dumping data for table `section_klien`
--

INSERT INTO `section_klien` (`id_section_klien`, `judul`, `subjudul`) VALUES
(0, 'Klien Kami', 'Beberapa');

-- --------------------------------------------------------

--
-- Table structure for table `section_kontak`
--

CREATE TABLE `section_kontak` (
  `id_section_kontak` int(100) NOT NULL,
  `judul` text NOT NULL,
  `subjudul` text NOT NULL
) ENGINE=InnoDB DEFAULT CHARSET=latin1;

--
-- Dumping data for table `section_kontak`
--

INSERT INTO `section_kontak` (`id_section_kontak`, `judul`, `subjudul`) VALUES
(1, 'Hubungi Kami Segera.', 'Kami Bantu Anda untuk Memulainya');

-- --------------------------------------------------------

--
-- Table structure for table `section_map`
--

CREATE TABLE `section_map` (
  `id_section_map` int(10) NOT NULL,
  `judul` text NOT NULL,
  `subjudul` text NOT NULL,
  `why1a` text NOT NULL,
  `why1b` text NOT NULL,
  `why2a` text NOT NULL,
  `why2b` text NOT NULL,
  `why3a` text NOT NULL,
  `why3b` text NOT NULL,
  `why4a` text NOT NULL,
  `why4b` text NOT NULL,
  `map` varchar(500) NOT NULL
) ENGINE=InnoDB DEFAULT CHARSET=latin1;

--
-- Dumping data for table `section_map`
--

INSERT INTO `section_map` (`id_section_map`, `judul`, `subjudul`, `why1a`, `why1b`, `why2a`, `why2b`, `why3a`, `why3b`, `why4a`, `why4b`, `map`) VALUES
(0, 'Lokasi Virto', 'Tak Perlu Ragu Lagi, Langsung saja datang ke Virto Office', 'Terletak di Surabaya Timur', 'Strategis', 'Hanya 30 Menit', 'Dekat Juanda', 'Hanya 20 Menit', 'Dari Surabaya Pusat', '200 m dari Jalan Utama', 'Akses Mudah', 'https://www.google.com/maps/embed?pb=!1m18!1m12!1m3!1d3957.461896521933!2d112.78207831420464!3d-7.301889673808136!2m3!1f0!2f0!3f0!3m2!1i1024!2i768!4f13.1!3m3!1m2!1s0x2dd7fa5f00000001%3A0x81f04252d1742e0e!2sVirto+Office!5e0!3m2!1sid!2sid!4v1507367407762');

-- --------------------------------------------------------

--
-- Table structure for table `section_quote`
--

CREATE TABLE `section_quote` (
  `id_section_quote` int(100) NOT NULL,
  `judul` text NOT NULL,
  `deskripsi` text NOT NULL
) ENGINE=InnoDB DEFAULT CHARSET=latin1;

--
-- Dumping data for table `section_quote`
--

INSERT INTO `section_quote` (`id_section_quote`, `judul`, `deskripsi`) VALUES
(0, 'Pelayanan Paling Utama', 'Tidak ada lagi biaya terlalu tinggi dan tak terduga dan katakan selamat tinggal kepada tagihan yang menghalangi kemajuan bisnis Anda. Bersama kami  VIRTO Sewa Kantor Surabaya.\r\nBergabunglah dengan kami sekarang juga dan kami akan membantu Anda mendapatkan solusi terbaik sesuai kebutuhan usaha dan bisnis Anda! ');

-- --------------------------------------------------------

--
-- Table structure for table `section_services`
--

CREATE TABLE `section_services` (
  `id_section_services` int(100) NOT NULL,
  `judul` text NOT NULL,
  `subjudul` text NOT NULL
) ENGINE=InnoDB DEFAULT CHARSET=latin1;

--
-- Dumping data for table `section_services`
--

INSERT INTO `section_services` (`id_section_services`, `judul`, `subjudul`) VALUES
(1, 'Layanan Virto', 'Berikut layanan yang terdapat di Virto Office.');

-- --------------------------------------------------------

--
-- Table structure for table `section_testimoni`
--

CREATE TABLE `section_testimoni` (
  `id_section_testimoni` int(100) NOT NULL,
  `judul` text NOT NULL,
  `subjudul` text NOT NULL
) ENGINE=InnoDB DEFAULT CHARSET=latin1;

--
-- Dumping data for table `section_testimoni`
--

INSERT INTO `section_testimoni` (`id_section_testimoni`, `judul`, `subjudul`) VALUES
(0, 'Testimoni', 'Beberapa Klien Virto Office');

-- --------------------------------------------------------

--
-- Table structure for table `seo`
--

CREATE TABLE `seo` (
  `id_seo` int(100) NOT NULL,
  `title` varchar(500) NOT NULL,
  `description` text NOT NULL,
  `keyword` varchar(500) NOT NULL,
  `webmaster` varchar(500) NOT NULL,
  `analytic` varchar(500) NOT NULL
) ENGINE=InnoDB DEFAULT CHARSET=latin1;

--
-- Dumping data for table `seo`
--

INSERT INTO `seo` (`id_seo`, `title`, `description`, `keyword`, `webmaster`, `analytic`) VALUES
(1, 'Sewa Kantor Surabaya | Virto Office (031) 596-7623', 'Virtual Office Surabaya cuma 300 Ribu Perbulan, Sewa Kantor Surabaya hemat biaya hanya  1,7jt per bulan, Coworking Surabaya, Meeting Room Surabaya', 'Sewa Kantor Surabaya, Virtual Office Surabaya, Coworking Surabaya, Meeting Room Surabaya', '', '');

-- --------------------------------------------------------

--
-- Table structure for table `services`
--

CREATE TABLE `services` (
  `id_services` int(100) NOT NULL,
  `gambar` varchar(500) NOT NULL,
  `judul` text NOT NULL,
  `deskripsi` text NOT NULL,
  `url` varchar(500) NOT NULL
) ENGINE=InnoDB DEFAULT CHARSET=latin1;

--
-- Dumping data for table `services`
--

INSERT INTO `services` (`id_services`, `gambar`, `judul`, `deskripsi`, `url`) VALUES
(1, 'serviced1.jpg', 'Serviced Office', 'Kantor Siap Pakai untuk 2-10 Orang Mulai 1,7jt / Bulan .', 'sewakantorsurabaya'),
(2, 'virtual1.jpg', 'Virtual Office', 'Sewa Alamat Kantor, Nomor Telepon, dan Fax bersama mulai 600 ribu / Bulan .', 'virtualofficesurabaya'),
(3, 'meeting.jpg', 'Meeting Room', 'Melayani Kapasitas Hingga 50 Orang Mulai 50 ribu / Pax .', 'meetingroomsurabaya'),
(4, 'coworking.jpg', 'Co-Working Room', 'Cara Baru Bekerja Lebih Nyaman Mulai 25 ribu Sekali Datang .', 'coworkingspacesurabaya');

-- --------------------------------------------------------

--
-- Table structure for table `setting`
--

CREATE TABLE `setting` (
  `id_setting` int(100) NOT NULL,
  `hp` varchar(500) NOT NULL,
  `tlp` varchar(500) NOT NULL,
  `email` varchar(500) NOT NULL,
  `alamat` text NOT NULL
) ENGINE=InnoDB DEFAULT CHARSET=latin1;

--
-- Dumping data for table `setting`
--

INSERT INTO `setting` (`id_setting`, `hp`, `tlp`, `email`, `alamat`) VALUES
(1, '0812-3026-5000', '031-596 7623', 'info@sewakantorsurabaya.com', 'Ruko Galaxi Bumi Permai, Surabaya');

-- --------------------------------------------------------

--
-- Table structure for table `slider`
--

CREATE TABLE `slider` (
  `id_slider` int(100) NOT NULL,
  `gambar` varchar(500) NOT NULL,
  `layer1` varchar(200) NOT NULL,
  `layer2` varchar(200) NOT NULL,
  `tombol1` varchar(200) NOT NULL,
  `tombol2` varchar(200) NOT NULL,
  `url1` varchar(200) NOT NULL,
  `url2` varchar(200) NOT NULL
) ENGINE=InnoDB DEFAULT CHARSET=latin1;

--
-- Dumping data for table `slider`
--

INSERT INTO `slider` (`id_slider`, `gambar`, `layer1`, `layer2`, `tombol1`, `tombol2`, `url1`, `url2`) VALUES
(1, 'slider1.jpg', 'Sewa Kantor Surabaya', 'Butuh Ruang Kantor Siap Pakai <br/>\r\n					Fasilitas Lengkap dengan Harga Terjangkau ?</h1>', 'Selengkapnya', 'Lihat Ruangan', 'sewakantorsurabaya', 'sewakantorsurabaya'),
(2, 'slider2.jpg', 'Virtual Office Surabaya', 'Cara Modern, Mudah & Hemat Biaya<br>\r\n				Untuk Bisnis Anda', 'Selengkapnya', 'Daftar Sekarang', 'virtualofficesurabaya', 'virtualofficesurabaya'),
(3, 'slider3.jpg', 'Sewa Ruang Meeting Surabaya', 'Paket Hemat Event Anda', 'Selengkapnya', 'Pesan Sekarang', 'meetingroomsurabaya', 'meetingroomsurabaya');

-- --------------------------------------------------------

--
-- Table structure for table `sosmed`
--

CREATE TABLE `sosmed` (
  `id_sosmed` int(100) NOT NULL,
  `facebook` varchar(100) NOT NULL,
  `linked` varchar(100) NOT NULL,
  `instagram` varchar(100) NOT NULL
) ENGINE=InnoDB DEFAULT CHARSET=latin1;

--
-- Dumping data for table `sosmed`
--

INSERT INTO `sosmed` (`id_sosmed`, `facebook`, `linked`, `instagram`) VALUES
(0, 'http://facebook.com/sewakantorsurabaya', 'http://linkedin.com/', 'http://instagram.com/virtooffice/');

-- --------------------------------------------------------

--
-- Table structure for table `testimoni`
--

CREATE TABLE `testimoni` (
  `id_testimoni` int(100) NOT NULL,
  `gambar` varchar(100) NOT NULL,
  `testimoni` text NOT NULL,
  `nama` text NOT NULL,
  `jabatan` text NOT NULL
) ENGINE=InnoDB DEFAULT CHARSET=latin1;

--
-- Dumping data for table `testimoni`
--

INSERT INTO `testimoni` (`id_testimoni`, `gambar`, `testimoni`, `nama`, `jabatan`) VALUES
(1, 'testi.png', 'Kualitas Audio Bagus. Wifi Stabil, cukup untuk keperluan browsing & cek email. Ruangan bersih dan nyaman. Toilet bersih. Pelayanan tim Virto sangat ramah, GREAT SERVICE !', 'Yuda', 'PT. Majulah Grup (Sewa Ruang Pertemuan untuk Recruitment)'),
(2, 'testi.png', 'Pertama kali menggunakan Coworking Room untuk Psikotes. Alhamdulillah ruangan nyaman dan acara berjalan lancar. Tim Virto sangat humble & helpfull sehingga kami merasa nyaman sekali seperti keluarga.', 'Rafika Pratiwi', 'PT. Parama Integra Indonesia (Member Virtual Office + Sewa Coworking Room)'),
(3, 'testi.png', 'Ruangan yang di sediakan cukup nyaman, para tamu juga menikmatinya.', 'Bu Enni Agency', 'Travel Umroh & Haji Syar''i (Member Ruang Permanen + Sewa Ruang Pertemuan untuk Manasik Umroh)'),
(4, 'testi.png', 'Mulai sound system, wifi, konsumsi, kenyamanan ruangan & fasilitas umum semuanya sangat baik. Pertahankan Prestasi, karena yang susah mempertahankan. Barakallahu', 'Dian Ranggajaya', 'Sekolah Muamalah Indonesia (Member Virtual & Sewa Ruang Pertemuan untuk Kelas Reguler)'),
(5, 'testi.png', '"PUAS BANGET, Keep it up. Tempat bersih, wifi kenceng, lengkap, WC juga bersih. The best pokoknya. Nanti kalau ke Surabaya, meeting disini lagi.', 'Mandy Claudia Chandra', 'PT. Synnex Metrodata Indonesia (Sewa Ruang Pertemuan untuk Meeting)'),
(6, 'testi.png', 'Ruang pertemuannya representatif & nyaman, juga bersih. Tamu saya juga puas dengan hasil pertemuannya. Thank you Virto!', 'Alex', 'Penyewa Personal (Pengguna ruang pertemuan untuk rapat & presentasi)'),
(7, 'testi.png', 'Tempatnya keren, ramah Ibu & anak.', 'Cholifah', 'PlasaMuslim.com (Peserta Virto Meet Up)');

-- --------------------------------------------------------

--
-- Table structure for table `user`
--

CREATE TABLE `user` (
  `id_user` int(100) NOT NULL,
  `username` varchar(100) NOT NULL,
  `password` varchar(100) NOT NULL
) ENGINE=InnoDB DEFAULT CHARSET=latin1;

--
-- Dumping data for table `user`
--

INSERT INTO `user` (`id_user`, `username`, `password`) VALUES
(1, 'adminn', '9c1ad00a16a7c67e2727b471ac969e96');

--
-- Indexes for dumped tables
--

--
-- Indexes for table `aplikasi`
--
ALTER TABLE `aplikasi`
  ADD PRIMARY KEY (`id_aplikasi`);

--
-- Indexes for table `benefit`
--
ALTER TABLE `benefit`
  ADD PRIMARY KEY (`id_benefit`);

--
-- Indexes for table `ci_sessions`
--
ALTER TABLE `ci_sessions`
  ADD KEY `ci_sessions_timestamp` (`timestamp`);

--
-- Indexes for table `event`
--
ALTER TABLE `event`
  ADD PRIMARY KEY (`id_event`);

--
-- Indexes for table `galeri`
--
ALTER TABLE `galeri`
  ADD PRIMARY KEY (`id_galeri`);

--
-- Indexes for table `galeri_kategori`
--
ALTER TABLE `galeri_kategori`
  ADD PRIMARY KEY (`id_galeri_kategori`);

--
-- Indexes for table `klien`
--
ALTER TABLE `klien`
  ADD PRIMARY KEY (`id_klien`);

--
-- Indexes for table `newslatter`
--
ALTER TABLE `newslatter`
  ADD PRIMARY KEY (`id_newslatter`);

--
-- Indexes for table `penawaran`
--
ALTER TABLE `penawaran`
  ADD PRIMARY KEY (`id_penawaran`);

--
-- Indexes for table `section_about`
--
ALTER TABLE `section_about`
  ADD PRIMARY KEY (`id_section_about`);

--
-- Indexes for table `section_benefit`
--
ALTER TABLE `section_benefit`
  ADD PRIMARY KEY (`id_section_benefit`);

--
-- Indexes for table `section_event`
--
ALTER TABLE `section_event`
  ADD PRIMARY KEY (`id_section_event`);

--
-- Indexes for table `section_galeri`
--
ALTER TABLE `section_galeri`
  ADD PRIMARY KEY (`id_section_galeri`);

--
-- Indexes for table `section_klien`
--
ALTER TABLE `section_klien`
  ADD PRIMARY KEY (`id_section_klien`);

--
-- Indexes for table `section_kontak`
--
ALTER TABLE `section_kontak`
  ADD PRIMARY KEY (`id_section_kontak`);

--
-- Indexes for table `section_map`
--
ALTER TABLE `section_map`
  ADD PRIMARY KEY (`id_section_map`);

--
-- Indexes for table `section_quote`
--
ALTER TABLE `section_quote`
  ADD PRIMARY KEY (`id_section_quote`);

--
-- Indexes for table `section_services`
--
ALTER TABLE `section_services`
  ADD PRIMARY KEY (`id_section_services`);

--
-- Indexes for table `section_testimoni`
--
ALTER TABLE `section_testimoni`
  ADD PRIMARY KEY (`id_section_testimoni`);

--
-- Indexes for table `seo`
--
ALTER TABLE `seo`
  ADD PRIMARY KEY (`id_seo`);

--
-- Indexes for table `services`
--
ALTER TABLE `services`
  ADD PRIMARY KEY (`id_services`);

--
-- Indexes for table `setting`
--
ALTER TABLE `setting`
  ADD PRIMARY KEY (`id_setting`);

--
-- Indexes for table `slider`
--
ALTER TABLE `slider`
  ADD PRIMARY KEY (`id_slider`);

--
-- Indexes for table `sosmed`
--
ALTER TABLE `sosmed`
  ADD PRIMARY KEY (`id_sosmed`);

--
-- Indexes for table `testimoni`
--
ALTER TABLE `testimoni`
  ADD PRIMARY KEY (`id_testimoni`);

--
-- Indexes for table `user`
--
ALTER TABLE `user`
  ADD PRIMARY KEY (`id_user`);

--
-- AUTO_INCREMENT for dumped tables
--

--
-- AUTO_INCREMENT for table `benefit`
--
ALTER TABLE `benefit`
  MODIFY `id_benefit` int(100) NOT NULL AUTO_INCREMENT, AUTO_INCREMENT=11;
--
-- AUTO_INCREMENT for table `event`
--
ALTER TABLE `event`
  MODIFY `id_event` int(100) NOT NULL AUTO_INCREMENT, AUTO_INCREMENT=3;
--
-- AUTO_INCREMENT for table `galeri`
--
ALTER TABLE `galeri`
  MODIFY `id_galeri` int(100) NOT NULL AUTO_INCREMENT, AUTO_INCREMENT=13;
--
-- AUTO_INCREMENT for table `galeri_kategori`
--
ALTER TABLE `galeri_kategori`
  MODIFY `id_galeri_kategori` int(100) NOT NULL AUTO_INCREMENT, AUTO_INCREMENT=5;
--
-- AUTO_INCREMENT for table `klien`
--
ALTER TABLE `klien`
  MODIFY `id_klien` int(10) NOT NULL AUTO_INCREMENT, AUTO_INCREMENT=13;
--
-- AUTO_INCREMENT for table `newslatter`
--
ALTER TABLE `newslatter`
  MODIFY `id_newslatter` int(100) NOT NULL AUTO_INCREMENT;
--
-- AUTO_INCREMENT for table `penawaran`
--
ALTER TABLE `penawaran`
  MODIFY `id_penawaran` int(100) NOT NULL AUTO_INCREMENT;
--
-- AUTO_INCREMENT for table `services`
--
ALTER TABLE `services`
  MODIFY `id_services` int(100) NOT NULL AUTO_INCREMENT, AUTO_INCREMENT=5;
--
-- AUTO_INCREMENT for table `slider`
--
ALTER TABLE `slider`
  MODIFY `id_slider` int(100) NOT NULL AUTO_INCREMENT, AUTO_INCREMENT=4;
--
-- AUTO_INCREMENT for table `testimoni`
--
ALTER TABLE `testimoni`
  MODIFY `id_testimoni` int(100) NOT NULL AUTO_INCREMENT, AUTO_INCREMENT=8;
--
-- AUTO_INCREMENT for table `user`
--
ALTER TABLE `user`
  MODIFY `id_user` int(100) NOT NULL AUTO_INCREMENT, AUTO_INCREMENT=2;
/*!40101 SET CHARACTER_SET_CLIENT=@OLD_CHARACTER_SET_CLIENT */;
/*!40101 SET CHARACTER_SET_RESULTS=@OLD_CHARACTER_SET_RESULTS */;
/*!40101 SET COLLATION_CONNECTION=@OLD_COLLATION_CONNECTION */;
